"variable","region_i","region_j","n_i","n_j","nABCD","abs_SMD","SMD","skew_i","skew_j","skew_diff","sd_i","sd_j","sd_ratio","kurt_i","kurt_j","kurt_diff","ratio"
"age",1,2,2188,2952,0.05381,0.1598,-0.1598,-0.049,-0.3075,0.2586,12.0266,11.6062,1.0362,2.3123,2.5898,0.2775,0.3367
"age",1,3,2188,2030,0.06672,0.19895,-0.19895,-0.049,-0.2181,0.1691,12.0266,11.8634,1.0138,2.3123,2.7617,0.4494,0.3354
"age",1,4,2188,2876,0.0146,0.02297,-0.02297,-0.049,-0.1361,0.0871,12.0266,12.2168,1.0158,2.3123,2.4794,0.1671,0.6356
"age",1,5,2188,1909,0.02485,0.03036,0.03036,-0.049,-0.2566,0.2076,12.0266,12.0746,1.004,2.3123,2.4571,0.1449,0.8185
"age",1,6,2188,1585,0.02979,0.00469,-0.00469,-0.049,-0.1646,0.1156,12.0266,11.3157,1.0628,2.3123,2.7363,0.424,NA
"age",1,7,2188,3150,0.01376,0.03981,0.03981,-0.049,-0.1303,0.0813,12.0266,12.135,1.009,2.3123,2.3871,0.0748,0.3456
"age",1,8,2188,2916,0.01759,0.01889,0.01889,-0.049,-0.1731,0.1241,12.0266,12.0762,1.0041,2.3123,2.4991,0.1868,0.9312
"age",1,9,2188,3123,0.01676,0.0226,-0.0226,-0.049,-0.167,0.118,12.0266,11.8453,1.0153,2.3123,2.4946,0.1823,0.7416
"age",1,10,2188,1717,0.04328,0.13353,0.13353,-0.049,-0.0985,0.0495,12.0266,11.9631,1.0053,2.3123,2.479,0.1668,0.3241
"age",1,11,2188,2491,0.02745,0.0847,-0.0847,-0.049,-0.0674,0.0184,12.0266,12.2526,1.0188,2.3123,2.3721,0.0598,0.3241
"age",1,12,2188,4352,0.01748,0.05205,-0.05205,-0.049,-0.1047,0.0557,12.0266,12.0467,1.0017,2.3123,2.4348,0.1226,0.3358
"age",1,13,2188,2297,0.03786,0.06784,-0.06784,-0.049,-0.3438,0.2948,12.0266,11.402,1.0548,2.3123,2.7327,0.4204,0.5581
"age",1,14,2188,3437,0.0153,0.0386,-0.0386,-0.049,-0.1166,0.0677,12.0266,11.8175,1.0177,2.3123,2.469,0.1567,0.3964
"age",1,15,2188,2576,0.01375,0.0292,-0.0292,-0.049,-0.1226,0.0736,12.0266,12.1462,1.0099,2.3123,2.3826,0.0703,0.4709
"age",1,16,2188,1231,0.04905,0.10943,-0.10943,-0.049,-0.3728,0.3238,12.0266,10.9006,1.1033,2.3123,2.625,0.3127,0.4482
"age",2,3,2952,2030,0.01819,0.04214,-0.04214,-0.3075,-0.2181,0.0894,11.6062,11.8634,1.0222,2.5898,2.7617,0.1719,0.4317
"age",2,4,2952,2876,0.04877,0.13473,0.13473,-0.3075,-0.1361,0.1715,11.6062,12.2168,1.0526,2.5898,2.4794,0.1104,0.362
"age",2,5,2952,1909,0.06528,0.19075,0.19075,-0.3075,-0.2566,0.051,11.6062,12.0746,1.0404,2.5898,2.4571,0.1327,0.3422
"age",2,6,2952,1585,0.05526,0.15893,0.15893,-0.3075,-0.1646,0.143,11.6062,11.3157,1.0257,2.5898,2.7363,0.1465,0.3477
"age",2,7,2952,3150,0.06604,0.19903,0.19903,-0.3075,-0.1303,0.1772,11.6062,12.135,1.0456,2.5898,2.3871,0.2027,0.3318
"age",2,8,2952,2916,0.06113,0.17829,0.17829,-0.3075,-0.1731,0.1345,11.6062,12.0762,1.0405,2.5898,2.4991,0.0907,0.3429
"age",2,9,2952,3123,0.04791,0.13762,0.13762,-0.3075,-0.167,0.1405,11.6062,11.8453,1.0206,2.5898,2.4946,0.0952,0.3481
"age",2,10,2952,1717,0.09788,0.29694,0.29694,-0.3075,-0.0985,0.209,11.6062,11.9631,1.0308,2.5898,2.479,0.1108,0.3296
"age",2,11,2952,2491,0.03349,0.07178,0.07178,-0.3075,-0.0674,0.2402,11.6062,12.2526,1.0557,2.5898,2.3721,0.2177,0.4666
"age",2,12,2952,4352,0.03899,0.10588,0.10588,-0.3075,-0.1047,0.2029,11.6062,12.0467,1.038,2.5898,2.4348,0.1549,0.3682
"age",2,13,2952,2297,0.03354,0.09457,0.09457,-0.3075,-0.3438,0.0363,11.6062,11.402,1.0179,2.5898,2.7327,0.1429,0.3547
"age",2,14,2952,3437,0.04344,0.12152,0.12152,-0.3075,-0.1166,0.1909,11.6062,11.8175,1.0182,2.5898,2.469,0.1208,0.3575
"age",2,15,2952,2576,0.04605,0.12904,0.12904,-0.3075,-0.1226,0.1849,11.6062,12.1462,1.0465,2.5898,2.3826,0.2072,0.3569
"age",2,16,2952,1231,0.02639,0.05353,0.05353,-0.3075,-0.3728,0.0653,11.6062,10.9006,1.0647,2.5898,2.625,0.0352,0.493
"age",3,4,2030,2876,0.06036,0.17383,0.17383,-0.2181,-0.1361,0.082,11.8634,12.2168,1.0298,2.7617,2.4794,0.2822,0.3472
"age",3,5,2030,1909,0.08131,0.22922,0.22922,-0.2181,-0.2566,0.0385,11.8634,12.0746,1.0178,2.7617,2.4571,0.3045,0.3547
"age",3,6,2030,1585,0.07135,0.19973,0.19973,-0.2181,-0.1646,0.0536,11.8634,11.3157,1.0484,2.7617,2.7363,0.0254,0.3572
"age",3,7,2030,3150,0.08041,0.23763,0.23763,-0.2181,-0.1303,0.0878,11.8634,12.135,1.0229,2.7617,2.3871,0.3746,0.3384
"age",3,8,2030,2916,0.0756,0.21727,0.21727,-0.2181,-0.1731,0.045,11.8634,12.0762,1.0179,2.7617,2.4991,0.2626,0.348
"age",3,9,2030,3123,0.0624,0.17783,0.17783,-0.2181,-0.167,0.0511,11.8634,11.8453,1.0015,2.7617,2.4946,0.2671,0.3509
"age",3,10,2030,1717,0.11422,0.33413,0.33413,-0.2181,-0.0985,0.1196,11.8634,11.9631,1.0084,2.7617,2.479,0.2826,0.3418
"age",3,11,2030,2491,0.03989,0.11162,0.11162,-0.2181,-0.0674,0.1507,11.8634,12.2526,1.0328,2.7617,2.3721,0.3895,0.3574
"age",3,12,2030,4352,0.04971,0.14601,0.14601,-0.2181,-0.1047,0.1134,11.8634,12.0467,1.0154,2.7617,2.4348,0.3268,0.3405
"age",3,13,2030,2297,0.04934,0.1362,0.1362,-0.2181,-0.3438,0.1257,11.8634,11.402,1.0405,2.7617,2.7327,0.029,0.3623
"age",3,14,2030,3437,0.05576,0.16205,0.16205,-0.2181,-0.1166,0.1015,11.8634,11.8175,1.0039,2.7617,2.469,0.2927,0.3441
"age",3,15,2030,2576,0.05829,0.16836,0.16836,-0.2181,-0.1226,0.0955,11.8634,12.1462,1.0238,2.7617,2.3826,0.3791,0.3462
"age",3,16,2030,1231,0.03623,0.09592,0.09592,-0.2181,-0.3728,0.1547,11.8634,10.9006,1.0883,2.7617,2.625,0.1367,0.3777
"age",4,5,2876,1909,0.02007,0.053,0.053,-0.1361,-0.2566,0.1205,12.2168,12.0746,1.0118,2.4794,2.4571,0.0223,0.3787
"age",4,6,2876,1585,0.02659,0.01879,0.01879,-0.1361,-0.1646,0.0285,12.2168,11.3157,1.0796,2.4794,2.7363,0.2568,1.4151
"age",4,7,2876,3150,0.02096,0.06243,0.06243,-0.1361,-0.1303,0.0058,12.2168,12.135,1.0067,2.4794,2.3871,0.0924,0.3357
"age",4,8,2876,2916,0.01555,0.0417,0.0417,-0.1361,-0.1731,0.037,12.2168,12.0762,1.0116,2.4794,2.4991,0.0197,0.3729
"age",4,9,2876,3123,0.01012,0.00078,0.00078,-0.1361,-0.167,0.0309,12.2168,11.8453,1.0314,2.4794,2.4946,0.0151,NA
"age",4,10,2876,1717,0.05165,0.15515,0.15515,-0.1361,-0.0985,0.0376,12.2168,11.9631,1.0212,2.4794,2.479,4e-04,0.3329
"age",4,11,2876,2491,0.02052,0.06132,-0.06132,-0.1361,-0.0674,0.0687,12.2168,12.2526,1.0029,2.4794,2.3721,0.1073,0.3346
"age",4,12,2876,4352,0.01038,0.02873,-0.02873,-0.1361,-0.1047,0.0314,12.2168,12.0467,1.0141,2.4794,2.4348,0.0446,0.3613
"age",4,13,2876,2297,0.03194,0.04348,-0.04348,-0.1361,-0.3438,0.2077,12.2168,11.402,1.0715,2.4794,2.7327,0.2532,0.7346
"age",4,14,2876,3437,0.01071,0.01505,-0.01505,-0.1361,-0.1166,0.0194,12.2168,11.8175,1.0338,2.4794,2.469,0.0104,0.7116
"age",4,15,2876,2576,0.00534,0.00611,-0.00611,-0.1361,-0.1226,0.0135,12.2168,12.1462,1.0058,2.4794,2.3826,0.0968,NA
"age",4,16,2876,1231,0.04645,0.08401,-0.08401,-0.1361,-0.3728,0.2367,12.2168,10.9006,1.1207,2.4794,2.625,0.1456,0.5529
"age",5,6,1909,1585,0.0252,0.03585,-0.03585,-0.2566,-0.1646,0.092,12.0746,11.3157,1.0671,2.4571,2.7363,0.2791,0.7029
"age",5,7,1909,3150,0.01475,0.00955,0.00955,-0.2566,-0.1303,0.1263,12.0746,12.135,1.005,2.4571,2.3871,0.0701,NA
"age",5,8,1909,2916,0.01098,0.01143,-0.01143,-0.2566,-0.1731,0.0835,12.0746,12.0762,1.0001,2.4571,2.4991,0.042,0.9606
"age",5,9,1909,3123,0.01912,0.05322,-0.05322,-0.2566,-0.167,0.0896,12.0746,11.8453,1.0194,2.4571,2.4946,0.0374,0.3593
"age",5,10,1909,1717,0.03523,0.10284,0.10284,-0.2566,-0.0985,0.158,12.0746,11.9631,1.0093,2.4571,2.479,0.0219,0.3426
"age",5,11,1909,2491,0.03837,0.11454,-0.11454,-0.2566,-0.0674,0.1892,12.0746,12.2526,1.0147,2.4571,2.3721,0.085,0.335
"age",5,12,1909,4352,0.02801,0.08233,-0.08233,-0.2566,-0.1047,0.1519,12.0746,12.0467,1.0023,2.4571,2.4348,0.0223,0.3402
"age",5,13,1909,2297,0.03648,0.09906,-0.09906,-0.2566,-0.3438,0.0873,12.0746,11.402,1.059,2.4571,2.7327,0.2755,0.3683
"age",5,14,1909,3437,0.02495,0.06928,-0.06928,-0.2566,-0.1166,0.1399,12.0746,11.8175,1.0218,2.4571,2.469,0.0118,0.3601
"age",5,15,1909,2576,0.02215,0.05933,-0.05933,-0.2566,-0.1226,0.134,12.0746,12.1462,1.0059,2.4571,2.3826,0.0746,0.3733
"age",5,16,1909,1231,0.05315,0.14094,-0.14094,-0.2566,-0.3728,0.1162,12.0746,10.9006,1.1077,2.4571,2.625,0.1679,0.3771
"age",6,7,1585,3150,0.02966,0.0452,0.0452,-0.1646,-0.1303,0.0343,11.3157,12.135,1.0724,2.7363,2.3871,0.3492,0.6562
"age",6,8,1585,2916,0.02648,0.02393,0.02393,-0.1646,-0.1731,0.0085,11.3157,12.0762,1.0672,2.7363,2.4991,0.2371,1.1066
"age",6,9,1585,3123,0.0183,0.01837,-0.01837,-0.1646,-0.167,0.0024,11.3157,11.8453,1.0468,2.7363,2.4946,0.2417,0.9962
"age",6,10,1585,1717,0.04908,0.14216,0.14216,-0.1646,-0.0985,0.066,11.3157,11.9631,1.0572,2.7363,2.479,0.2572,0.3452
"age",6,11,1585,2491,0.03405,0.08186,-0.08186,-0.1646,-0.0674,0.0972,11.3157,12.2526,1.0828,2.7363,2.3721,0.3641,0.416
"age",6,12,1585,4352,0.02566,0.04822,-0.04822,-0.1646,-0.1047,0.0599,11.3157,12.0467,1.0646,2.7363,2.4348,0.3014,0.5321
"age",6,13,1585,2297,0.02911,0.06505,-0.06505,-0.1646,-0.3438,0.1793,11.3157,11.402,1.0076,2.7363,2.7327,0.0036,0.4475
"age",6,14,1585,3437,0.02121,0.03467,-0.03467,-0.1646,-0.1166,0.0479,11.3157,11.8175,1.0443,2.7363,2.469,0.2673,0.6118
"age",6,15,1585,2576,0.02693,0.02518,-0.02518,-0.1646,-0.1226,0.042,11.3157,12.1462,1.0734,2.7363,2.3826,0.3537,1.0695
"age",6,16,1585,1231,0.04582,0.10939,-0.10939,-0.1646,-0.3728,0.2083,11.3157,10.9006,1.0381,2.7363,2.625,0.1113,0.4189
"age",7,8,3150,2916,0.01103,0.02095,-0.02095,-0.1303,-0.1731,0.0428,12.135,12.0762,1.0049,2.3871,2.4991,0.1121,0.5265
"age",7,9,3150,3123,0.02111,0.0626,-0.0626,-0.1303,-0.167,0.0367,12.135,11.8453,1.0245,2.3871,2.4946,0.1075,0.3372
"age",7,10,3150,1717,0.03061,0.09282,0.09282,-0.1303,-0.0985,0.0318,12.135,11.9631,1.0144,2.3871,2.479,0.092,0.3298
"age",7,11,3150,2491,0.04024,0.12392,-0.12392,-0.1303,-0.0674,0.0629,12.135,12.2526,1.0097,2.3871,2.3721,0.0149,0.3247
"age",7,12,3150,4352,0.03004,0.0917,-0.0917,-0.1303,-0.1047,0.0256,12.135,12.0467,1.0073,2.3871,2.4348,0.0478,0.3276
"age",7,13,3150,2297,0.04032,0.10783,-0.10783,-0.1303,-0.3438,0.2135,12.135,11.402,1.0643,2.3871,2.7327,0.3456,0.3739
"age",7,14,3150,3437,0.0258,0.07859,-0.07859,-0.1303,-0.1166,0.0136,12.135,11.8175,1.0269,2.3871,2.469,0.0819,0.3283
"age",7,15,3150,2576,0.02268,0.06874,-0.06874,-0.1303,-0.1226,0.0077,12.135,12.1462,1.0009,2.3871,2.3826,0.0045,0.3299
"age",7,16,3150,1231,0.05629,0.14867,-0.14867,-0.1303,-0.3728,0.2425,12.135,10.9006,1.1132,2.3871,2.625,0.2379,0.3786
"age",8,9,2916,3123,0.01667,0.04157,-0.04157,-0.1731,-0.167,0.0061,12.0762,11.8453,1.0195,2.4991,2.4946,0.0045,0.401
"age",8,10,2916,1717,0.03785,0.1142,0.1142,-0.1731,-0.0985,0.0745,12.0762,11.9631,1.0095,2.4991,2.479,0.0201,0.3314
"age",8,11,2916,2491,0.0348,0.10336,-0.10336,-0.1731,-0.0674,0.1057,12.0762,12.2526,1.0146,2.4991,2.3721,0.127,0.3367
"age",8,12,2916,4352,0.02382,0.07086,-0.07086,-0.1731,-0.1047,0.0684,12.0762,12.0467,1.0025,2.4991,2.4348,0.0643,0.3362
"age",8,13,2916,2297,0.03374,0.08675,-0.08675,-0.1731,-0.3438,0.1708,12.0762,11.402,1.0591,2.4991,2.7327,0.2335,0.3889
"age",8,14,2916,3437,0.01978,0.05756,-0.05756,-0.1731,-0.1166,0.0564,12.0762,11.8175,1.0219,2.4991,2.469,0.0301,0.3436
"age",8,15,2916,2576,0.01695,0.04797,-0.04797,-0.1731,-0.1226,0.0505,12.0762,12.1462,1.0058,2.4991,2.3826,0.1165,0.3533
"age",8,16,2916,1231,0.05041,0.12785,-0.12785,-0.1731,-0.3728,0.1997,12.0762,10.9006,1.1079,2.4991,2.625,0.1259,0.3943
"age",9,10,3123,1717,0.05252,0.15744,0.15744,-0.167,-0.0985,0.0685,11.8453,11.9631,1.0099,2.4946,2.479,0.0155,0.3336
"age",9,11,3123,2491,0.02251,0.06315,-0.06315,-0.167,-0.0674,0.0996,11.8453,12.2526,1.0344,2.4946,2.3721,0.1224,0.3565
"age",9,12,3123,4352,0.01303,0.02987,-0.02987,-0.167,-0.1047,0.0623,11.8453,12.0467,1.017,2.4946,2.4348,0.0597,0.4362
"age",9,13,3123,2297,0.0254,0.04504,-0.04504,-0.167,-0.3438,0.1768,11.8453,11.402,1.0389,2.4946,2.7327,0.2381,0.5639
"age",9,14,3123,3437,0.00877,0.01606,-0.01606,-0.167,-0.1166,0.0504,11.8453,11.8175,1.0024,2.4946,2.469,0.0256,0.5461
"age",9,15,3123,2576,0.01125,0.00699,-0.00699,-0.167,-0.1226,0.0444,11.8453,12.1462,1.0254,2.4946,2.3826,0.112,NA
"age",9,16,3123,1231,0.04167,0.08664,-0.08664,-0.167,-0.3728,0.2058,11.8453,10.9006,1.0867,2.4946,2.625,0.1304,0.481
"age",10,11,1717,2491,0.07048,0.21681,-0.21681,-0.0985,-0.0674,0.0312,11.9631,12.2526,1.0242,2.479,2.3721,0.1069,0.3251
"age",10,12,1717,4352,0.06116,0.18538,-0.18538,-0.0985,-0.1047,0.0061,11.9631,12.0467,1.007,2.479,2.4348,0.0442,0.3299
"age",10,13,1717,2297,0.07086,0.2058,-0.2058,-0.0985,-0.3438,0.2453,11.9631,11.402,1.0492,2.479,2.7327,0.2536,0.3443
"age",10,14,1717,3437,0.05733,0.17373,-0.17373,-0.0985,-0.1166,0.0181,11.9631,11.8175,1.0123,2.479,2.469,0.0101,0.33
"age",10,15,1717,2576,0.05364,0.16195,-0.16195,-0.0985,-0.1226,0.0241,11.9631,12.1462,1.0153,2.479,2.3826,0.0965,0.3312
"age",10,16,1717,1231,0.08523,0.24934,-0.24934,-0.0985,-0.3728,0.2743,11.9631,10.9006,1.0975,2.479,2.625,0.146,0.3418
"age",11,12,2491,4352,0.01135,0.03318,0.03318,-0.0674,-0.1047,0.0373,12.2526,12.0467,1.0171,2.3721,2.4348,0.0627,0.3421
"age",11,13,2491,2297,0.03343,0.01978,0.01978,-0.0674,-0.3438,0.2765,12.2526,11.402,1.0746,2.3721,2.7327,0.3605,1.6901
"age",11,14,2491,3437,0.01706,0.04745,0.04745,-0.0674,-0.1166,0.0493,12.2526,11.8175,1.0368,2.3721,2.469,0.0969,0.3595
"age",11,15,2491,2576,0.01833,0.0554,0.0554,-0.0674,-0.1226,0.0552,12.2526,12.1462,1.0088,2.3721,2.3826,0.0105,0.3309
"age",11,16,2491,1231,0.04049,0.02066,-0.02066,-0.0674,-0.3728,0.3054,12.2526,10.9006,1.124,2.3721,2.625,0.2529,1.9598
"age",12,13,4352,2297,0.02777,0.01418,-0.01418,-0.1047,-0.3438,0.2392,12.0467,11.402,1.0565,2.4348,2.7327,0.2978,1.9584
"age",12,14,4352,3437,0.0081,0.01401,0.01401,-0.1047,-0.1166,0.012,12.0467,11.8175,1.0194,2.4348,2.469,0.0341,0.5782
"age",12,15,4352,2576,0.00876,0.02264,0.02264,-0.1047,-0.1226,0.0179,12.0467,12.1462,1.0083,2.4348,2.3826,0.0523,0.3869
"age",12,16,4352,1231,0.03757,0.05477,-0.05477,-0.1047,-0.3728,0.2681,12.0467,10.9006,1.1051,2.4348,2.625,0.1902,0.686
"age",13,14,2297,3437,0.02448,0.02876,0.02876,-0.3438,-0.1166,0.2272,11.402,11.8175,1.0364,2.7327,2.469,0.2637,0.8512
"age",13,15,2297,2576,0.03143,0.0374,0.0374,-0.3438,-0.1226,0.2212,11.402,12.1462,1.0653,2.7327,2.3826,0.3501,0.8404
"age",13,16,2297,1231,0.0197,0.04263,-0.04263,-0.3438,-0.3728,0.029,11.402,10.9006,1.046,2.7327,2.625,0.1076,0.4621
"age",14,15,3437,2576,0.01025,0.00888,0.00888,-0.1166,-0.1226,0.006,11.8175,12.1462,1.0278,2.469,2.3826,0.0864,NA
"age",14,16,3437,1231,0.03708,0.07026,-0.07026,-0.1166,-0.3728,0.2562,11.8175,10.9006,1.0841,2.469,2.625,0.156,0.5278
"age",15,16,2576,1231,0.04525,0.07825,-0.07825,-0.1226,-0.3728,0.2502,12.1462,10.9006,1.1143,2.3826,2.625,0.2424,0.5783
"sysbp",1,2,2188,2952,0.06161,0.16179,-0.16179,0.2564,0.2589,0.0025,23.8898,23.6546,1.0099,4.3104,3.1606,1.1498,0.3808
"sysbp",1,3,2188,2030,0.02994,0.00866,-0.00866,0.2564,0.0935,0.1629,23.8898,25.1301,1.0519,4.3104,3.3498,0.9606,NA
"sysbp",1,4,2188,2876,0.01929,0.04815,-0.04815,0.2564,0.4706,0.2142,23.8898,23.5426,1.0147,4.3104,4.3933,0.0828,0.4006
"sysbp",1,5,2188,1909,0.03776,0.05771,-0.05771,0.2564,1.3238,1.0673,23.8898,24.7002,1.0339,4.3104,8.8047,4.4942,0.6543
"sysbp",1,6,2188,1585,0.02909,0.00623,-0.00623,0.2564,0.0258,0.2306,23.8898,23.9167,1.0011,4.3104,4.3238,0.0134,NA
"sysbp",1,7,2188,3150,0.02619,0.06401,0.06401,0.2564,0.3464,0.09,23.8898,23.4561,1.0185,4.3104,3.6554,0.655,0.4092
"sysbp",1,8,2188,2916,0.05824,0.14682,-0.14682,0.2564,0.1981,0.0583,23.8898,22.8745,1.0444,4.3104,3.1653,1.1452,0.3967
"sysbp",1,9,2188,3123,0.05381,0.13837,0.13837,0.2564,0.2923,0.0359,23.8898,23.3336,1.0238,4.3104,4.2428,0.0677,0.3889
"sysbp",1,10,2188,1717,0.01077,0.02136,0.02136,0.2564,0.0431,0.2133,23.8898,23.6987,1.0081,4.3104,3.7424,0.568,0.5042
"sysbp",1,11,2188,2491,0.04682,0.12502,0.12502,0.2564,0.2513,0.0051,23.8898,23.7355,1.0065,4.3104,3.5749,0.7356,0.3745
"sysbp",1,12,2188,4352,0.04549,0.12263,0.12263,0.2564,0.2772,0.0208,23.8898,23.5404,1.0148,4.3104,4.1173,0.1931,0.371
"sysbp",1,13,2188,2297,0.02791,0.05277,-0.05277,0.2564,0.3625,0.1061,23.8898,23.513,1.016,4.3104,4.5177,0.2073,0.5289
"sysbp",1,14,2188,3437,0.01992,0.01613,0.01613,0.2564,0.4918,0.2354,23.8898,25.1398,1.0523,4.3104,4.3329,0.0225,1.235
"sysbp",1,15,2188,2576,0.02071,0.04734,0.04734,0.2564,0.3834,0.127,23.8898,23.7101,1.0076,4.3104,4.0603,0.2501,0.4375
"sysbp",1,16,2188,1231,0.12214,0.32638,-0.32638,0.2564,0.0415,0.2149,23.8898,21.7087,1.1005,4.3104,2.7778,1.5326,0.3742
"sysbp",2,3,2952,2030,0.05364,0.14964,0.14964,0.2589,0.0935,0.1654,23.6546,25.1301,1.0624,3.1606,3.3498,0.1892,0.3585
"sysbp",2,4,2952,2876,0.04513,0.11452,0.11452,0.2589,0.4706,0.2117,23.6546,23.5426,1.0048,3.1606,4.3933,1.2327,0.3941
"sysbp",2,5,2952,1909,0.05647,0.10147,0.10147,0.2589,1.3238,1.0649,23.6546,24.7002,1.0442,3.1606,8.8047,5.6441,0.5565
"sysbp",2,6,2952,1585,0.05391,0.15558,0.15558,0.2589,0.0258,0.2331,23.6546,23.9167,1.0111,3.1606,4.3238,1.1632,0.3465
"sysbp",2,7,2952,3150,0.08493,0.22741,0.22741,0.2589,0.3464,0.0875,23.6546,23.4561,1.0085,3.1606,3.6554,0.4948,0.3735
"sysbp",2,8,2952,2916,0.01488,0.01806,0.01806,0.2589,0.1981,0.0608,23.6546,22.8745,1.0341,3.1606,3.1653,0.0047,0.8239
"sysbp",2,9,2952,3123,0.11242,0.30242,0.30242,0.2589,0.2923,0.0334,23.6546,23.3336,1.0138,3.1606,4.2428,1.0822,0.3717
"sysbp",2,10,2952,1717,0.06646,0.18385,0.18385,0.2589,0.0431,0.2158,23.6546,23.6987,1.0019,3.1606,3.7424,0.5818,0.3615
"sysbp",2,11,2952,2491,0.10353,0.28786,0.28786,0.2589,0.2513,0.0076,23.6546,23.7355,1.0034,3.1606,3.5749,0.4143,0.3597
"sysbp",2,12,2952,4352,0.10289,0.28594,0.28594,0.2589,0.2772,0.0183,23.6546,23.5404,1.0048,3.1606,4.1173,0.9567,0.3598
"sysbp",2,13,2952,2297,0.04209,0.1099,0.1099,0.2589,0.3625,0.1036,23.6546,23.513,1.006,3.1606,4.5177,1.3571,0.383
"sysbp",2,14,2952,3437,0.06914,0.17335,0.17335,0.2589,0.4918,0.2329,23.6546,25.1398,1.0628,3.1606,4.3329,1.1723,0.3988
"sysbp",2,15,2952,2576,0.08159,0.20987,0.20987,0.2589,0.3834,0.1245,23.6546,23.7101,1.0023,3.1606,4.0603,0.8997,0.3888
"sysbp",2,16,2952,1231,0.07132,0.16041,-0.16041,0.2589,0.0415,0.2174,23.6546,21.7087,1.0896,3.1606,2.7778,0.3828,0.4446
"sysbp",3,4,2030,2876,0.02915,0.03835,-0.03835,0.0935,0.4706,0.3772,25.1301,23.5426,1.0674,3.3498,4.3933,1.0435,0.7601
"sysbp",3,5,2030,1909,0.04171,0.04769,-0.04769,0.0935,1.3238,1.2303,25.1301,24.7002,1.0174,3.3498,8.8047,5.4549,0.8746
"sysbp",3,6,2030,1585,0.02131,0.00257,0.00257,0.0935,0.0258,0.0677,25.1301,23.9167,1.0507,3.3498,4.3238,0.9741,NA
"sysbp",3,7,2030,3150,0.04369,0.0715,0.0715,0.0935,0.3464,0.2529,25.1301,23.4561,1.0714,3.3498,3.6554,0.3056,0.611
"sysbp",3,8,2030,2916,0.0508,0.13477,-0.13477,0.0935,0.1981,0.1046,25.1301,22.8745,1.0986,3.3498,3.1653,0.1845,0.3769
"sysbp",3,9,2030,3123,0.06517,0.14435,0.14435,0.0935,0.2923,0.1988,25.1301,23.3336,1.077,3.3498,4.2428,0.893,0.4515
"sysbp",3,10,2030,1717,0.03025,0.02943,0.02943,0.0935,0.0431,0.0504,25.1301,23.6987,1.0604,3.3498,3.7424,0.3926,1.0279
"sysbp",3,11,2030,2491,0.05909,0.13083,0.13083,0.0935,0.2513,0.1579,25.1301,23.7355,1.0588,3.3498,3.5749,0.2251,0.4517
"sysbp",3,12,2030,4352,0.06129,0.12941,0.12941,0.0935,0.2772,0.1838,25.1301,23.5404,1.0675,3.3498,4.1173,0.7675,0.4736
"sysbp",3,13,2030,2297,0.03094,0.04276,-0.04276,0.0935,0.3625,0.2691,25.1301,23.513,1.0688,3.3498,4.5177,1.168,0.7236
"sysbp",3,14,2030,3437,0.03152,0.02426,0.02426,0.0935,0.4918,0.3983,25.1301,25.1398,1.0004,3.3498,4.3329,0.9831,1.2993
"sysbp",3,15,2030,2576,0.03839,0.05498,0.05498,0.0935,0.3834,0.2899,25.1301,23.7101,1.0599,3.3498,4.0603,0.7105,0.6983
"sysbp",3,16,2030,1231,0.12237,0.30702,-0.30702,0.0935,0.0415,0.0519,25.1301,21.7087,1.1576,3.3498,2.7778,0.572,0.3986
"sysbp",4,5,2876,1909,0.02681,0.01083,-0.01083,0.4706,1.3238,0.8531,23.5426,24.7002,1.0492,4.3933,8.8047,4.4114,2.4755
"sysbp",4,6,2876,1585,0.02612,0.04189,0.04189,0.4706,0.0258,0.4448,23.5426,23.9167,1.0159,4.3933,4.3238,0.0694,0.6235
"sysbp",4,7,2876,3150,0.043,0.11293,0.11293,0.4706,0.3464,0.1243,23.5426,23.4561,1.0037,4.3933,3.6554,0.7379,0.3808
"sysbp",4,8,2876,2916,0.04194,0.09834,-0.09834,0.4706,0.1981,0.2725,23.5426,22.8745,1.0292,4.3933,3.1653,1.228,0.4265
"sysbp",4,9,2876,3123,0.0699,0.18782,0.18782,0.4706,0.2923,0.1783,23.5426,23.3336,1.009,4.3933,4.2428,0.1505,0.3722
"sysbp",4,10,2876,1717,0.02648,0.06988,0.06988,0.4706,0.0431,0.4276,23.5426,23.6987,1.0066,4.3933,3.7424,0.6509,0.3789
"sysbp",4,11,2876,2491,0.06642,0.17422,0.17422,0.4706,0.2513,0.2193,23.5426,23.7355,1.0082,4.3933,3.5749,0.8184,0.3812
"sysbp",4,12,2876,4352,0.06318,0.17169,0.17169,0.4706,0.2772,0.1934,23.5426,23.5404,1.0001,4.3933,4.1173,0.2759,0.368
"sysbp",4,13,2876,2297,0.01831,0.00466,-0.00466,0.4706,0.3625,0.1081,23.5426,23.513,1.0013,4.3933,4.5177,0.1245,NA
"sysbp",4,14,2876,3437,0.03114,0.06299,0.06299,0.4706,0.4918,0.0211,23.5426,25.1398,1.0678,4.3933,4.3329,0.0603,0.4944
"sysbp",4,15,2876,2576,0.03564,0.09598,0.09598,0.4706,0.3834,0.0873,23.5426,23.7101,1.0071,4.3933,4.0603,0.333,0.3713
"sysbp",4,16,2876,1231,0.10638,0.2785,-0.2785,0.4706,0.0415,0.4291,23.5426,21.7087,1.0845,4.3933,2.7778,1.6155,0.382
"sysbp",5,6,1909,1585,0.03732,0.05141,0.05141,1.3238,0.0258,1.2979,24.7002,23.9167,1.0328,8.8047,4.3238,4.4808,0.7259
"sysbp",5,7,1909,3150,0.0531,0.12174,0.12174,1.3238,0.3464,0.9774,24.7002,23.4561,1.053,8.8047,3.6554,5.1493,0.4362
"sysbp",5,8,1909,2916,0.0562,0.08564,-0.08564,1.3238,0.1981,1.1256,24.7002,22.8745,1.0798,8.8047,3.1653,5.6394,0.6562
"sysbp",5,9,1909,3123,0.07776,0.19535,0.19535,1.3238,0.2923,1.0314,24.7002,23.3336,1.0586,8.8047,4.2428,4.5619,0.3981
"sysbp",5,10,1909,1717,0.04405,0.07879,0.07879,1.3238,0.0431,1.2807,24.7002,23.6987,1.0423,8.8047,3.7424,5.0623,0.5591
"sysbp",5,11,1909,2491,0.07237,0.18119,0.18119,1.3238,0.2513,1.0724,24.7002,23.7355,1.0406,8.8047,3.5749,5.2298,0.3994
"sysbp",5,12,1909,4352,0.07184,0.17999,0.17999,1.3238,0.2772,1.0465,24.7002,23.5404,1.0493,8.8047,4.1173,4.6873,0.3991
"sysbp",5,13,1909,2297,0.02918,0.00625,0.00625,1.3238,0.3625,0.9612,24.7002,23.513,1.0505,8.8047,4.5177,4.2869,NA
"sysbp",5,14,1909,3437,0.04619,0.07199,0.07199,1.3238,0.4918,0.832,24.7002,25.1398,1.0178,8.8047,4.3329,4.4717,0.6416
"sysbp",5,15,1909,2576,0.0473,0.1047,0.1047,1.3238,0.3834,0.9404,24.7002,23.7101,1.0418,8.8047,4.0603,4.7444,0.4518
"sysbp",5,16,1909,1231,0.12591,0.26081,-0.26081,1.3238,0.0415,1.2822,24.7002,21.7087,1.1378,8.8047,2.7778,6.0269,0.4828
"sysbp",6,7,1585,3150,0.0425,0.07038,0.07038,0.0258,0.3464,0.3206,23.9167,23.4561,1.0196,4.3238,3.6554,0.6685,0.6039
"sysbp",6,8,1585,2916,0.04955,0.14084,-0.14084,0.0258,0.1981,0.1723,23.9167,22.8745,1.0456,4.3238,3.1653,1.1586,0.3518
"sysbp",6,9,1585,3123,0.06088,0.14489,0.14489,0.0258,0.2923,0.2665,23.9167,23.3336,1.025,4.3238,4.2428,0.0811,0.4202
"sysbp",6,10,1585,1717,0.02679,0.02762,0.02762,0.0258,0.0431,0.0173,23.9167,23.6987,1.0092,4.3238,3.7424,0.5814,0.9699
"sysbp",6,11,1585,2491,0.06041,0.13129,0.13129,0.0258,0.2513,0.2255,23.9167,23.7355,1.0076,4.3238,3.5749,0.749,0.4601
"sysbp",6,12,1585,4352,0.05744,0.12901,0.12901,0.0258,0.2772,0.2514,23.9167,23.5404,1.016,4.3238,4.1173,0.2065,0.4452
"sysbp",6,13,1585,2297,0.02162,0.04652,-0.04652,0.0258,0.3625,0.3367,23.9167,23.513,1.0172,4.3238,4.5177,0.1939,0.4647
"sysbp",6,14,1585,3437,0.0381,0.02208,0.02208,0.0258,0.4918,0.466,23.9167,25.1398,1.0511,4.3238,4.3329,0.0091,1.7255
"sysbp",6,15,1585,2576,0.0384,0.05361,0.05361,0.0258,0.3834,0.3576,23.9167,23.7101,1.0087,4.3238,4.0603,0.2635,0.7163
"sysbp",6,16,1585,1231,0.12543,0.32204,-0.32204,0.0258,0.0415,0.0157,23.9167,21.7087,1.1017,4.3238,2.7778,1.546,0.3895
"sysbp",7,8,3150,2916,0.0818,0.21295,-0.21295,0.3464,0.1981,0.1483,23.4561,22.8745,1.0254,3.6554,3.1653,0.4901,0.3841
"sysbp",7,9,3150,3123,0.0296,0.07471,0.07471,0.3464,0.2923,0.0541,23.4561,23.3336,1.0053,3.6554,4.2428,0.5874,0.3962
"sysbp",7,10,3150,1717,0.02386,0.04266,-0.04266,0.3464,0.0431,0.3033,23.4561,23.6987,1.0103,3.6554,3.7424,0.087,0.5593
"sysbp",7,11,3150,2491,0.02427,0.06207,0.06207,0.3464,0.2513,0.0951,23.4561,23.7355,1.0119,3.6554,3.5749,0.0805,0.391
"sysbp",7,12,3150,4352,0.02278,0.05906,0.05906,0.3464,0.2772,0.0692,23.4561,23.5404,1.0036,3.6554,4.1173,0.4619,0.3857
"sysbp",7,13,3150,2297,0.04609,0.11769,-0.11769,0.3464,0.3625,0.0161,23.4561,23.513,1.0024,3.6554,4.5177,0.8624,0.3916
"sysbp",7,14,3150,3437,0.02154,0.04579,-0.04579,0.3464,0.4918,0.1454,23.4561,25.1398,1.0718,3.6554,4.3329,0.6776,0.4704
"sysbp",7,15,3150,2576,0.00847,0.01639,-0.01639,0.3464,0.3834,0.037,23.4561,23.7101,1.0108,3.6554,4.0603,0.4049,0.5168
"sysbp",7,16,3150,1231,0.1443,0.39434,-0.39434,0.3464,0.0415,0.3049,23.4561,21.7087,1.0805,3.6554,2.7778,0.8776,0.3659
"sysbp",8,9,2916,3123,0.10974,0.28917,0.28917,0.1981,0.2923,0.0942,22.8745,23.3336,1.0201,3.1653,4.2428,1.0775,0.3795
"sysbp",8,10,2916,1717,0.06248,0.16959,0.16959,0.1981,0.0431,0.155,22.8745,23.6987,1.036,3.1653,3.7424,0.5772,0.3684
"sysbp",8,11,2916,2491,0.10394,0.27495,0.27495,0.1981,0.2513,0.0532,22.8745,23.7355,1.0376,3.1653,3.5749,0.4096,0.378
"sysbp",8,12,2916,4352,0.09703,0.27171,0.27171,0.1981,0.2772,0.0791,22.8745,23.5404,1.0291,3.1653,4.1173,0.9521,0.3571
"sysbp",8,13,2916,2297,0.0375,0.09382,0.09382,0.1981,0.3625,0.1644,22.8745,23.513,1.0279,3.1653,4.5177,1.3525,0.3997
"sysbp",8,14,2916,3437,0.06416,0.15837,0.15837,0.1981,0.4918,0.2937,22.8745,25.1398,1.099,3.1653,4.3329,1.1677,0.4051
"sysbp",8,15,2916,2576,0.07382,0.19551,0.19551,0.1981,0.3834,0.1853,22.8745,23.7101,1.0365,3.1653,4.0603,0.8951,0.3776
"sysbp",8,16,2916,1231,0.07137,0.18308,-0.18308,0.1981,0.0415,0.1566,22.8745,21.7087,1.0537,3.1653,2.7778,0.3875,0.3898
"sysbp",9,10,3123,1717,0.04638,0.11729,-0.11729,0.2923,0.0431,0.2492,23.3336,23.6987,1.0156,4.2428,3.7424,0.5004,0.3954
"sysbp",9,11,3123,2491,0.01427,0.01208,-0.01208,0.2923,0.2513,0.041,23.3336,23.7355,1.0172,4.2428,3.5749,0.6679,1.1813
"sysbp",9,12,3123,4352,0.0111,0.01533,-0.01533,0.2923,0.2772,0.0151,23.3336,23.5404,1.0089,4.2428,4.1173,0.1254,0.7241
"sysbp",9,13,3123,2297,0.07531,0.1927,-0.1927,0.2923,0.3625,0.0702,23.3336,23.513,1.0077,4.2428,4.5177,0.275,0.3908
"sysbp",9,14,3123,3437,0.04497,0.11783,-0.11783,0.2923,0.4918,0.1995,23.3336,25.1398,1.0774,4.2428,4.3329,0.0902,0.3817
"sysbp",9,15,3123,2576,0.03475,0.0908,-0.0908,0.2923,0.3834,0.0911,23.3336,23.7101,1.0161,4.2428,4.0603,0.1825,0.3827
"sysbp",9,16,3123,1231,0.17123,0.47231,-0.47231,0.2923,0.0415,0.2508,23.3336,21.7087,1.0749,4.2428,2.7778,1.465,0.3625
"sysbp",10,11,1717,2491,0.04206,0.10405,0.10405,0.0431,0.2513,0.2082,23.6987,23.7355,1.0016,3.7424,3.5749,0.1675,0.4042
"sysbp",10,12,1717,4352,0.0393,0.10144,0.10144,0.0431,0.2772,0.2341,23.6987,23.5404,1.0067,3.7424,4.1173,0.3749,0.3874
"sysbp",10,13,1717,2297,0.03265,0.07456,-0.07456,0.0431,0.3625,0.3194,23.6987,23.513,1.0079,3.7424,4.5177,0.7753,0.4379
"sysbp",10,14,1717,3437,0.02067,0.00449,-0.00449,0.0431,0.4918,0.4487,23.6987,25.1398,1.0608,3.7424,4.3329,0.5905,NA
"sysbp",10,15,1717,2576,0.02093,0.02607,0.02607,0.0431,0.3834,0.3403,23.6987,23.7101,1.0005,3.7424,4.0603,0.3179,0.8028
"sysbp",10,16,1717,1231,0.12274,0.35201,-0.35201,0.0431,0.0415,0.0016,23.6987,21.7087,1.0917,3.7424,2.7778,0.9646,0.3487
"sysbp",11,12,2491,4352,0.01042,0.00319,-0.00319,0.2513,0.2772,0.0259,23.7355,23.5404,1.0083,3.5749,4.1173,0.5425,NA
"sysbp",11,13,2491,2297,0.06916,0.17889,-0.17889,0.2513,0.3625,0.1112,23.7355,23.513,1.0095,3.5749,4.5177,0.9429,0.3866
"sysbp",11,14,2491,3437,0.04057,0.105,-0.105,0.2513,0.4918,0.2405,23.7355,25.1398,1.0592,3.5749,4.3329,0.7581,0.3864
"sysbp",11,15,2491,2576,0.0291,0.07799,-0.07799,0.2513,0.3834,0.1321,23.7355,23.7101,1.0011,3.5749,4.0603,0.4854,0.3731
"sysbp",11,16,2491,1231,0.16081,0.45593,-0.45593,0.2513,0.0415,0.2098,23.7355,21.7087,1.0934,3.5749,2.7778,0.7971,0.3527
"sysbp",12,13,4352,2297,0.0672,0.17643,-0.17643,0.2772,0.3625,0.0853,23.5404,23.513,1.0012,4.1173,4.5177,0.4004,0.3809
"sysbp",12,14,4352,3437,0.0394,0.10319,-0.10319,0.2772,0.4918,0.2146,23.5404,25.1398,1.0679,4.1173,4.3329,0.2156,0.3818
"sysbp",12,15,4352,2576,0.0287,0.07519,-0.07519,0.2772,0.3834,0.1062,23.5404,23.7101,1.0072,4.1173,4.0603,0.057,0.3817
"sysbp",12,16,4352,1231,0.16033,0.45141,-0.45141,0.2772,0.0415,0.2357,23.5404,21.7087,1.0844,4.1173,2.7778,1.3395,0.3552
"sysbp",13,14,2297,3437,0.03816,0.06727,0.06727,0.3625,0.4918,0.1293,23.513,25.1398,1.0692,4.5177,4.3329,0.1848,0.5673
"sysbp",13,15,2297,2576,0.04084,0.10064,0.10064,0.3625,0.3834,0.0209,23.513,23.7101,1.0084,4.5177,4.0603,0.4574,0.4058
"sysbp",13,16,2297,1231,0.1097,0.27503,-0.27503,0.3625,0.0415,0.321,23.513,21.7087,1.0831,4.5177,2.7778,1.7399,0.3989
"sysbp",14,15,3437,2576,0.01833,0.0297,0.0297,0.4918,0.3834,0.1084,25.1398,23.7101,1.0603,4.3329,4.0603,0.2726,0.6172
"sysbp",14,16,3437,1231,0.12589,0.32725,-0.32725,0.4918,0.0415,0.4503,25.1398,21.7087,1.1581,4.3329,2.7778,1.5551,0.3847
"sysbp",15,16,2576,1231,0.13963,0.37584,-0.37584,0.3834,0.0415,0.3419,23.7101,21.7087,1.0922,4.0603,2.7778,1.2825,0.3715
"pulse",1,2,2188,2952,0.03466,0.07784,0.07784,0.8203,0.8889,0.0686,17.5852,17.3752,1.0121,5.646,4.2931,1.3529,0.4453
"pulse",1,3,2188,2030,0.04244,0.07347,0.07347,0.8203,0.9082,0.0878,17.5852,18.7753,1.0677,5.646,4.5769,1.0691,0.5777
"pulse",1,4,2188,2876,0.02986,0.07157,0.07157,0.8203,0.8519,0.0316,17.5852,17.3407,1.0141,5.646,4.597,1.049,0.4172
"pulse",1,5,2188,1909,0.02893,0.04369,0.04369,0.8203,1.2244,0.4041,17.5852,17.68,1.0054,5.646,6.3578,0.7118,0.6622
"pulse",1,6,2188,1585,0.05344,0.13134,-0.13134,0.8203,0.9296,0.1093,17.5852,19.2834,1.0966,5.646,5.2924,0.3536,0.4069
"pulse",1,7,2188,3150,0.02424,0.06335,-0.06335,0.8203,1.073,0.2527,17.5852,18.3643,1.0443,5.646,6.8479,1.2019,0.3826
"pulse",1,8,2188,2916,0.04515,0.11617,-0.11617,0.8203,0.5556,0.2647,17.5852,17.2475,1.0196,5.646,4.057,1.589,0.3887
"pulse",1,9,2188,3123,0.01078,0.01976,-0.01976,0.8203,0.8862,0.0659,17.5852,17.5431,1.0024,5.646,4.9546,0.6914,0.5455
"pulse",1,10,2188,1717,0.02879,0.07096,-0.07096,0.8203,0.651,0.1693,17.5852,18.0716,1.0277,5.646,3.715,1.931,0.4057
"pulse",1,11,2188,2491,0.00893,0.01142,0.01142,0.8203,0.7554,0.0649,17.5852,17.4196,1.0095,5.646,4.437,1.209,0.782
"pulse",1,12,2188,4352,0.01025,0.00931,0.00931,0.8203,0.9463,0.126,17.5852,17.6264,1.0023,5.646,5.6976,0.0516,NA
"pulse",1,13,2188,2297,0.06323,0.16738,0.16738,0.8203,1.0608,0.2405,17.5852,17.6272,1.0024,5.646,6.1766,0.5306,0.3778
"pulse",1,14,2188,3437,0.01534,0.01591,0.01591,0.8203,0.8725,0.0522,17.5852,17.9402,1.0202,5.646,4.5671,1.0789,0.9642
"pulse",1,15,2188,2576,0.01194,0.00031,-0.00031,0.8203,0.8984,0.0781,17.5852,17.9348,1.0199,5.646,5.2013,0.4447,NA
"pulse",1,16,2188,1231,0.03478,0.08059,-0.08059,0.8203,0.9538,0.1335,17.5852,17.7328,1.0084,5.646,5.4333,0.2128,0.4316
"pulse",2,3,2952,2030,0.02347,0.00137,-0.00137,0.8889,0.9082,0.0192,17.3752,18.7753,1.0806,4.2931,4.5769,0.2838,NA
"pulse",2,4,2952,2876,0.01357,0.00638,-0.00638,0.8889,0.8519,0.037,17.3752,17.3407,1.002,4.2931,4.597,0.3039,NA
"pulse",2,5,2952,1909,0.01657,0.03367,-0.03367,0.8889,1.2244,0.3355,17.3752,17.68,1.0175,4.2931,6.3578,2.0647,0.4921
"pulse",2,6,2952,1585,0.08346,0.20843,-0.20843,0.8889,0.9296,0.0407,17.3752,19.2834,1.1098,4.2931,5.2924,0.9993,0.4004
"pulse",2,7,2952,3150,0.05242,0.13988,-0.13988,0.8889,1.073,0.1841,17.3752,18.3643,1.0569,4.2931,6.8479,2.5548,0.3747
"pulse",2,8,2952,2916,0.07789,0.19524,-0.19524,0.8889,0.5556,0.3333,17.3752,17.2475,1.0074,4.2931,4.057,0.2361,0.3989
"pulse",2,9,2952,3123,0.03842,0.09772,-0.09772,0.8889,0.8862,0.0028,17.3752,17.5431,1.0097,4.2931,4.9546,0.6615,0.3932
"pulse",2,10,2952,1717,0.05618,0.14872,-0.14872,0.8889,0.651,0.2379,17.3752,18.0716,1.0401,4.2931,3.715,0.5781,0.3778
"pulse",2,11,2952,2491,0.03003,0.06666,-0.06666,0.8889,0.7554,0.1335,17.3752,17.4196,1.0026,4.2931,4.437,0.1439,0.4505
"pulse",2,12,2952,4352,0.02857,0.06821,-0.06821,0.8889,0.9463,0.0574,17.3752,17.6264,1.0145,4.2931,5.6976,1.4045,0.4189
"pulse",2,13,2952,2297,0.03681,0.09079,0.09079,0.8889,1.0608,0.1719,17.3752,17.6272,1.0145,4.2931,6.1766,1.8835,0.4054
"pulse",2,14,2952,3437,0.0258,0.06086,-0.06086,0.8889,0.8725,0.0164,17.3752,17.9402,1.0325,4.2931,4.5671,0.274,0.4239
"pulse",2,15,2952,2576,0.03203,0.07738,-0.07738,0.8889,0.8984,0.0095,17.3752,17.9348,1.0322,4.2931,5.2013,0.9082,0.4139
"pulse",2,16,2952,1231,0.06078,0.15908,-0.15908,0.8889,0.9538,0.0649,17.3752,17.7328,1.0206,4.2931,5.4333,1.1401,0.3821
"pulse",3,4,2030,2876,0.02271,0.0048,-0.0048,0.9082,0.8519,0.0562,18.7753,17.3407,1.0827,4.5769,4.597,0.0201,NA
"pulse",3,5,2030,1909,0.03019,0.03092,-0.03092,0.9082,1.2244,0.3163,18.7753,17.68,1.062,4.5769,6.3578,1.7808,0.9764
"pulse",3,6,2030,1585,0.07918,0.19687,-0.19687,0.9082,0.9296,0.0214,18.7753,19.2834,1.0271,4.5769,5.2924,0.7155,0.4022
"pulse",3,7,2030,3150,0.05281,0.13376,-0.13376,0.9082,1.073,0.1649,18.7753,18.3643,1.0224,4.5769,6.8479,2.271,0.3948
"pulse",3,8,2030,2916,0.07916,0.18755,-0.18755,0.9082,0.5556,0.3526,18.7753,17.2475,1.0886,4.5769,4.057,0.52,0.4221
"pulse",3,9,2030,3123,0.04302,0.09323,-0.09323,0.9082,0.8862,0.022,18.7753,17.5431,1.0702,4.5769,4.9546,0.3776,0.4614
"pulse",3,10,2030,1717,0.05888,0.14076,-0.14076,0.9082,0.651,0.2571,18.7753,18.0716,1.0389,4.5769,3.715,0.8619,0.4183
"pulse",3,11,2030,2491,0.03859,0.06291,-0.06291,0.9082,0.7554,0.1527,18.7753,17.4196,1.0778,4.5769,4.437,0.14,0.6134
"pulse",3,12,2030,4352,0.0355,0.06504,-0.06504,0.9082,0.9463,0.0382,18.7753,17.6264,1.0652,4.5769,5.6976,1.1207,0.5458
"pulse",3,13,2030,2297,0.03817,0.08871,0.08871,0.9082,1.0608,0.1526,18.7753,17.6272,1.0651,4.5769,6.1766,1.5997,0.4303
"pulse",3,14,2030,3437,0.02814,0.0576,-0.0576,0.9082,0.8725,0.0356,18.7753,17.9402,1.0466,4.5769,4.5671,0.0099,0.4885
"pulse",3,15,2030,2576,0.037,0.0732,-0.0732,0.9082,0.8984,0.0097,18.7753,17.9348,1.0469,4.5769,5.2013,0.6244,0.5055
"pulse",3,16,2030,1231,0.06322,0.14989,-0.14989,0.9082,0.9538,0.0457,18.7753,17.7328,1.0588,4.5769,5.4333,0.8563,0.4218
"pulse",4,5,2876,1909,0.01851,0.02737,-0.02737,0.8519,1.2244,0.3725,17.3407,17.68,1.0196,4.597,6.3578,1.7608,0.6763
"pulse",4,6,2876,1585,0.07749,0.20241,-0.20241,0.8519,0.9296,0.0777,17.3407,19.2834,1.112,4.597,5.2924,0.6954,0.3828
"pulse",4,7,2876,3150,0.04993,0.13376,-0.13376,0.8519,1.073,0.2211,17.3407,18.3643,1.059,4.597,6.8479,2.251,0.3733
"pulse",4,8,2876,2916,0.07329,0.18904,-0.18904,0.8519,0.5556,0.2963,17.3407,17.2475,1.0054,4.597,4.057,0.54,0.3877
"pulse",4,9,2876,3123,0.03359,0.09146,-0.09146,0.8519,0.8862,0.0342,17.3407,17.5431,1.0117,4.597,4.9546,0.3576,0.3673
"pulse",4,10,2876,1717,0.05492,0.14258,-0.14258,0.8519,0.651,0.2009,17.3407,18.0716,1.0421,4.597,3.715,0.882,0.3852
"pulse",4,11,2876,2491,0.025,0.06036,-0.06036,0.8519,0.7554,0.0965,17.3407,17.4196,1.0045,4.597,4.437,0.16,0.4142
"pulse",4,12,2876,4352,0.02454,0.06193,-0.06193,0.8519,0.9463,0.0944,17.3407,17.6264,1.0165,4.597,5.6976,1.1006,0.3963
"pulse",4,13,2876,2297,0.03733,0.09722,0.09722,0.8519,1.0608,0.2089,17.3407,17.6272,1.0165,4.597,6.1766,1.5796,0.384
"pulse",4,14,2876,3437,0.02218,0.05464,-0.05464,0.8519,0.8725,0.0206,17.3407,17.9402,1.0346,4.597,4.5671,0.0299,0.4059
"pulse",4,15,2876,2576,0.02837,0.07116,-0.07116,0.8519,0.8984,0.0465,17.3407,17.9348,1.0343,4.597,5.2013,0.6043,0.3987
"pulse",4,16,2876,1231,0.05833,0.15294,-0.15294,0.8519,0.9538,0.1019,17.3407,17.7328,1.0226,4.597,5.4333,0.8363,0.3814
"pulse",5,6,1909,1585,0.07243,0.17238,-0.17238,1.2244,0.9296,0.2948,17.68,19.2834,1.0907,6.3578,5.2924,1.0654,0.4202
"pulse",5,7,1909,3150,0.0452,0.10568,-0.10568,1.2244,1.073,0.1514,17.68,18.3643,1.0387,6.3578,6.8479,0.4902,0.4277
"pulse",5,8,1909,2916,0.07179,0.16021,-0.16021,1.2244,0.5556,0.6688,17.68,17.2475,1.0251,6.3578,4.057,2.3008,0.4481
"pulse",5,9,1909,3123,0.03167,0.0635,-0.0635,1.2244,0.8862,0.3383,17.68,17.5431,1.0078,6.3578,4.9546,1.4032,0.4987
"pulse",5,10,1909,1717,0.05128,0.11382,-0.11382,1.2244,0.651,0.5734,17.68,18.0716,1.0222,6.3578,3.715,2.6427,0.4505
"pulse",5,11,1909,2491,0.02704,0.03254,-0.03254,1.2244,0.7554,0.469,17.68,17.4196,1.0149,6.3578,4.437,1.9208,0.831
"pulse",5,12,1909,4352,0.02434,0.03437,-0.03437,1.2244,0.9463,0.2781,17.68,17.6264,1.003,6.3578,5.6976,0.6602,0.7082
"pulse",5,13,1909,2297,0.04815,0.12332,0.12332,1.2244,1.0608,0.1636,17.68,17.6272,1.003,6.3578,6.1766,0.1812,0.3904
"pulse",5,14,1909,3437,0.0237,0.02729,-0.02729,1.2244,0.8725,0.3519,17.68,17.9402,1.0147,6.3578,4.5671,1.7907,0.8684
"pulse",5,15,1909,2576,0.02779,0.04352,-0.04352,1.2244,0.8984,0.326,17.68,17.9348,1.0144,6.3578,5.2013,1.1565,0.6386
"pulse",5,16,1909,1231,0.0519,0.12383,-0.12383,1.2244,0.9538,0.2706,17.68,17.7328,1.003,6.3578,5.4333,0.9245,0.4191
"pulse",6,7,1585,3150,0.02997,0.06759,0.06759,0.9296,1.073,0.1435,19.2834,18.3643,1.05,5.2924,6.8479,1.5555,0.4434
"pulse",6,8,1585,2916,0.02412,0.02141,0.02141,0.9296,0.5556,0.374,19.2834,17.2475,1.118,5.2924,4.057,1.2354,1.1266
"pulse",6,9,1585,3123,0.04722,0.11345,0.11345,0.9296,0.8862,0.0434,19.2834,17.5431,1.0992,5.2924,4.9546,0.3378,0.4162
"pulse",6,10,1585,1717,0.02854,0.06122,0.06122,0.9296,0.651,0.2785,19.2834,18.0716,1.0671,5.2924,3.715,1.5774,0.4662
"pulse",6,11,1585,2491,0.0556,0.14342,0.14342,0.9296,0.7554,0.1742,19.2834,17.4196,1.107,5.2924,4.437,0.8554,0.3877
"pulse",6,12,1585,4352,0.05991,0.14211,0.14211,0.9296,0.9463,0.0168,19.2834,17.6264,1.094,5.2924,5.6976,0.4052,0.4216
"pulse",6,13,1585,2297,0.10808,0.29216,0.29216,0.9296,1.0608,0.1312,19.2834,17.6272,1.094,5.2924,6.1766,0.8842,0.3699
"pulse",6,14,1585,3437,0.05736,0.14634,0.14634,0.9296,0.8725,0.0571,19.2834,17.9402,1.0749,5.2924,4.5671,0.7254,0.392
"pulse",6,15,1585,2576,0.0515,0.13002,0.13002,0.9296,0.8984,0.0311,19.2834,17.9348,1.0752,5.2924,5.2013,0.0911,0.3961
"pulse",6,16,1585,1231,0.02827,0.05285,0.05285,0.9296,0.9538,0.0243,19.2834,17.7328,1.0874,5.2924,5.4333,0.1408,0.5349
"pulse",7,8,3150,2916,0.03036,0.04918,-0.04918,1.073,0.5556,0.5174,18.3643,17.2475,1.0648,6.8479,4.057,2.791,0.6173
"pulse",7,9,3150,3123,0.01969,0.04435,0.04435,1.073,0.8862,0.1869,18.3643,17.5431,1.0468,6.8479,4.9546,1.8934,0.444
"pulse",7,10,3150,1717,0.01364,0.00656,-0.00656,1.073,0.651,0.422,18.3643,18.0716,1.0162,6.8479,3.715,3.1329,NA
"pulse",7,11,3150,2491,0.02924,0.07482,0.07482,1.073,0.7554,0.3176,18.3643,17.4196,1.0542,6.8479,4.437,2.411,0.3908
"pulse",7,12,3150,4352,0.02855,0.07288,0.07288,1.073,0.9463,0.1267,18.3643,17.6264,1.0419,6.8479,5.6976,1.1503,0.3917
"pulse",7,13,3150,2297,0.08563,0.22653,0.22653,1.073,1.0608,0.0122,18.3643,17.6272,1.0418,6.8479,6.1766,0.6714,0.378
"pulse",7,14,3150,3437,0.03105,0.07863,0.07863,1.073,0.8725,0.2005,18.3643,17.9402,1.0236,6.8479,4.5671,2.2809,0.3949
"pulse",7,15,3150,2576,0.02442,0.06262,0.06262,1.073,0.8984,0.1746,18.3643,17.9348,1.0239,6.8479,5.2013,1.6466,0.39
"pulse",7,16,3150,1231,0.02216,0.01529,-0.01529,1.073,0.9538,0.1192,18.3643,17.7328,1.0356,6.8479,5.4333,1.4147,1.4493
"pulse",8,9,2916,3123,0.04008,0.09618,0.09618,0.5556,0.8862,0.3306,17.2475,17.5431,1.0171,4.057,4.9546,0.8976,0.4167
"pulse",8,10,2916,1717,0.02749,0.04314,0.04314,0.5556,0.651,0.0954,17.2475,18.0716,1.0478,4.057,3.715,0.3419,0.6372
"pulse",8,11,2916,2491,0.05148,0.12815,0.12815,0.5556,0.7554,0.1998,17.2475,17.4196,1.01,4.057,4.437,0.38,0.4017
"pulse",8,12,2916,4352,0.05474,0.12501,0.12501,0.5556,0.9463,0.3907,17.2475,17.6264,1.022,4.057,5.6976,1.6406,0.4379
"pulse",8,13,2916,2297,0.11076,0.28524,0.28524,0.5556,1.0608,0.5052,17.2475,17.6272,1.022,4.057,6.1766,2.1196,0.3883
"pulse",8,14,2916,3437,0.05661,0.13071,0.13071,0.5556,0.8725,0.3169,17.2475,17.9402,1.0402,4.057,4.5671,0.5101,0.4331
"pulse",8,15,2916,2576,0.04747,0.11467,0.11467,0.5556,0.8984,0.3428,17.2475,17.9348,1.0399,4.057,5.2013,1.1443,0.414
"pulse",8,16,2916,1231,0.02486,0.03444,0.03444,0.5556,0.9538,0.3982,17.2475,17.7328,1.0281,4.057,5.4333,1.3763,0.7218
"pulse",9,10,3123,1717,0.02367,0.05167,-0.05167,0.8862,0.651,0.2351,17.5431,18.0716,1.0301,4.9546,3.715,1.2395,0.4581
"pulse",9,11,3123,2491,0.01217,0.03126,0.03126,0.8862,0.7554,0.1308,17.5431,17.4196,1.0071,4.9546,4.437,0.5176,0.3893
"pulse",9,12,3123,4352,0.01458,0.02904,0.02904,0.8862,0.9463,0.0602,17.5431,17.6264,1.0047,4.9546,5.6976,0.743,0.5021
"pulse",9,13,3123,2297,0.06659,0.18738,0.18738,0.8862,1.0608,0.1746,17.5431,17.6272,1.0048,4.9546,6.1766,1.222,0.3554
"pulse",9,14,3123,3437,0.01759,0.0355,0.0355,0.8862,0.8725,0.0136,17.5431,17.9402,1.0226,4.9546,4.5671,0.3875,0.4955
"pulse",9,15,3123,2576,0.01367,0.01927,0.01927,0.8862,0.8984,0.0123,17.5431,17.9348,1.0223,4.9546,5.2013,0.2467,0.7094
"pulse",9,16,3123,1231,0.03022,0.06107,-0.06107,0.8862,0.9538,0.0677,17.5431,17.7328,1.0108,4.9546,5.4333,0.4787,0.4948
"pulse",10,11,1717,2491,0.03299,0.08271,0.08271,0.651,0.7554,0.1044,18.0716,17.4196,1.0374,3.715,4.437,0.7219,0.3989
"pulse",10,12,1717,4352,0.03448,0.08039,0.08039,0.651,0.9463,0.2953,18.0716,17.6264,1.0253,3.715,5.6976,1.9826,0.4289
"pulse",10,13,1717,2297,0.08731,0.23628,0.23628,0.651,1.0608,0.4098,18.0716,17.6272,1.0252,3.715,6.1766,2.4615,0.3695
"pulse",10,14,1717,3437,0.03678,0.08599,0.08599,0.651,0.8725,0.2215,18.0716,17.9402,1.0073,3.715,4.5671,0.852,0.4277
"pulse",10,15,1717,2576,0.02963,0.06991,0.06991,0.651,0.8984,0.2474,18.0716,17.9348,1.0076,3.715,5.2013,1.4863,0.4238
"pulse",10,16,1717,1231,0.02822,0.00883,-0.00883,0.651,0.9538,0.3028,18.0716,17.7328,1.0191,3.715,5.4333,1.7182,NA
"pulse",11,12,2491,4352,0.01071,0.00204,-0.00204,0.7554,0.9463,0.1909,17.4196,17.6264,1.0119,4.437,5.6976,1.2606,NA
"pulse",11,13,2491,2297,0.05899,0.15681,0.15681,0.7554,1.0608,0.3054,17.4196,17.6272,1.0119,4.437,6.1766,1.7396,0.3762
"pulse",11,14,2491,3437,0.01321,0.00471,0.00471,0.7554,0.8725,0.1171,17.4196,17.9402,1.0299,4.437,4.5671,0.1301,NA
"pulse",11,15,2491,2576,0.01178,0.01161,-0.01161,0.7554,0.8984,0.143,17.4196,17.9348,1.0296,4.437,5.2013,0.7643,1.0146
"pulse",11,16,2491,1231,0.03628,0.09253,-0.09253,0.7554,0.9538,0.1984,17.4196,17.7328,1.018,4.437,5.4333,0.9963,0.3921
"pulse",12,13,4352,2297,0.06467,0.15789,0.15789,0.9463,1.0608,0.1145,17.6264,17.6272,1,5.6976,6.1766,0.479,0.4096
"pulse",12,14,4352,3437,0.01248,0.00671,0.00671,0.9463,0.8725,0.0738,17.6264,17.9402,1.0178,5.6976,4.5671,1.1306,NA
"pulse",12,15,4352,2576,0.01162,0.00955,-0.00955,0.9463,0.8984,0.0479,17.6264,17.9348,1.0175,5.6976,5.2013,0.4963,NA
"pulse",12,16,4352,1231,0.03775,0.08983,-0.08983,0.9463,0.9538,0.0075,17.6264,17.7328,1.006,5.6976,5.4333,0.2644,0.4202
"pulse",13,14,2297,3437,0.05684,0.14952,-0.14952,1.0608,0.8725,0.1883,17.6272,17.9402,1.0178,6.1766,4.5671,1.6095,0.3801
"pulse",13,15,2297,2576,0.06276,0.16596,-0.16596,1.0608,0.8984,0.1624,17.6272,17.9348,1.0175,6.1766,5.2013,0.9753,0.3782
"pulse",13,16,2297,1231,0.09187,0.24732,-0.24732,1.0608,0.9538,0.107,17.6272,17.7328,1.006,6.1766,5.4333,0.7433,0.3715
"pulse",14,15,3437,2576,0.00972,0.0161,-0.0161,0.8725,0.8984,0.0259,17.9402,17.9348,1.0003,4.5671,5.2013,0.6343,0.6037
"pulse",14,16,3437,1231,0.04008,0.09532,-0.09532,0.8725,0.9538,0.0813,17.9402,17.7328,1.0117,4.5671,5.4333,0.8662,0.4205
"pulse",15,16,2576,1231,0.03568,0.07924,-0.07924,0.8984,0.9538,0.0554,17.9348,17.7328,1.0114,5.2013,5.4333,0.2319,0.4503
"height",1,2,2188,2952,0.08645,0.23514,0.23514,-0.3538,-0.3928,0.039,10.0943,8.9847,1.1235,2.8359,2.9939,0.158,0.3677
"height",1,3,2188,2030,0.12952,0.32801,0.32801,-0.3538,-0.2613,0.0925,10.0943,8.0922,1.2474,2.8359,3.2412,0.4053,0.3949
"height",1,4,2188,2876,0.08861,0.23307,0.23307,-0.3538,-0.323,0.0307,10.0943,9.3597,1.0785,2.8359,2.9248,0.0888,0.3802
"height",1,5,2188,1909,0.14604,0.35395,0.35395,-0.3538,-0.2474,0.1064,10.0943,7.9011,1.2776,2.8359,3.1692,0.3333,0.4126
"height",1,6,2188,1585,0.09662,0.20429,0.20429,-0.3538,-0.2004,0.1534,10.0943,8.1584,1.2373,2.8359,2.9317,0.0958,0.473
"height",1,7,2188,3150,0.01557,0.03187,0.03187,-0.3538,-0.2666,0.0872,10.0943,9.9752,1.0119,2.8359,2.592,0.244,0.4885
"height",1,8,2188,2916,0.16316,0.3608,0.3608,-0.3538,-0.1829,0.1709,10.0943,7.8719,1.2823,2.8359,3.1503,0.3144,0.4522
"height",1,9,2188,3123,0.02634,0.07118,0.07118,-0.3538,-0.2167,0.1371,10.0943,10.0703,1.0024,2.8359,2.6207,0.2152,0.37
"height",1,10,2188,1717,0.02041,0.05886,-0.05886,-0.3538,-0.236,0.1178,10.0943,10.1537,1.0059,2.8359,3.0279,0.192,0.3468
"height",1,11,2188,2491,0.01309,0.0023,-0.0023,-0.3538,-0.2706,0.0832,10.0943,9.6326,1.0479,2.8359,2.7559,0.08,NA
"height",1,12,2188,4352,0.04616,0.1164,0.1164,-0.3538,-0.2223,0.1315,10.0943,9.927,1.0169,2.8359,2.6465,0.1894,0.3966
"height",1,13,2188,2297,0.07598,0.08916,-0.08916,-0.3538,-0.2944,0.0593,10.0943,8.2129,1.2291,2.8359,3.3435,0.5076,0.8522
"height",1,14,2188,3437,0.00905,0.01135,-0.01135,-0.3538,-0.2582,0.0955,10.0943,10.0016,1.0093,2.8359,2.859,0.0231,0.7974
"height",1,15,2188,2576,0.01274,0.0253,-0.0253,-0.3538,-0.2978,0.0559,10.0943,9.7057,1.04,2.8359,2.7256,0.1103,0.5036
"height",1,16,2188,1231,0.13032,0.34215,0.34215,-0.3538,-0.4461,0.0924,10.0943,8.9606,1.1265,2.8359,3.3605,0.5246,0.3809
"height",2,3,2952,2030,0.05655,0.09099,0.09099,-0.3928,-0.2613,0.1315,8.9847,8.0922,1.1103,2.9939,3.2412,0.2473,0.6215
"height",2,4,2952,2876,0.01811,0.00322,0.00322,-0.3928,-0.323,0.0697,8.9847,9.3597,1.0417,2.9939,2.9248,0.0692,NA
"height",2,5,2952,1909,0.07249,0.11742,0.11742,-0.3928,-0.2474,0.1454,8.9847,7.9011,1.1371,2.9939,3.1692,0.1752,0.6174
"height",2,6,2952,1585,0.0316,0.03692,-0.03692,-0.3928,-0.2004,0.1924,8.9847,8.1584,1.1013,2.9939,2.9317,0.0622,0.8559
"height",2,7,2952,3150,0.0753,0.20065,-0.20065,-0.3928,-0.2666,0.1262,8.9847,9.9752,1.1102,2.9939,2.592,0.402,0.3753
"height",2,8,2952,2916,0.0748,0.1161,0.1161,-0.3928,-0.1829,0.2099,8.9847,7.8719,1.1414,2.9939,3.1503,0.1564,0.6443
"height",2,9,2952,3123,0.0641,0.15797,-0.15797,-0.3928,-0.2167,0.176,8.9847,10.0703,1.1208,2.9939,2.6207,0.3732,0.4058
"height",2,10,2952,1717,0.10926,0.29934,-0.29934,-0.3928,-0.236,0.1567,8.9847,10.1537,1.1301,2.9939,3.0279,0.034,0.365
"height",2,11,2952,2491,0.08654,0.24229,-0.24229,-0.3928,-0.2706,0.1222,8.9847,9.6326,1.0721,2.9939,2.7559,0.238,0.3572
"height",2,12,2952,4352,0.0508,0.11147,-0.11147,-0.3928,-0.2223,0.1705,8.9847,9.927,1.1049,2.9939,2.6465,0.3474,0.4557
"height",2,13,2952,2297,0.12691,0.3519,-0.3519,-0.3928,-0.2944,0.0983,8.9847,8.2129,1.094,2.9939,3.3435,0.3496,0.3606
"height",2,14,2952,3437,0.09067,0.2453,-0.2453,-0.3928,-0.2582,0.1345,8.9847,10.0016,1.1132,2.9939,2.859,0.1349,0.3696
"height",2,15,2952,2576,0.09529,0.26562,-0.26562,-0.3928,-0.2978,0.0949,8.9847,9.7057,1.0802,2.9939,2.7256,0.2683,0.3587
"height",2,16,2952,1231,0.05778,0.12163,0.12163,-0.3928,-0.4461,0.0534,8.9847,8.9606,1.0027,2.9939,3.3605,0.3666,0.475
"height",3,4,2030,2876,0.07024,0.08534,-0.08534,-0.2613,-0.323,0.0618,8.0922,9.3597,1.1566,3.2412,2.9248,0.3165,0.8231
"height",3,5,2030,1909,0.01591,0.02769,0.02769,-0.2613,-0.2474,0.0139,8.0922,7.9011,1.0242,3.2412,3.1692,0.0721,0.5746
"height",3,6,2030,1585,0.05609,0.13628,-0.13628,-0.2613,-0.2004,0.0609,8.0922,8.1584,1.0082,3.2412,2.9317,0.3095,0.4116
"height",3,7,2030,3150,0.11637,0.29015,-0.29015,-0.2613,-0.2666,0.0053,8.0922,9.9752,1.2327,3.2412,2.592,0.6493,0.4011
"height",3,8,2030,2916,0.02105,0.02456,0.02456,-0.2613,-0.1829,0.0784,8.0922,7.8719,1.028,3.2412,3.1503,0.0909,0.8571
"height",3,9,2030,3123,0.10518,0.24573,-0.24573,-0.2613,-0.2167,0.0445,8.0922,10.0703,1.2444,3.2412,2.6207,0.6205,0.428
"height",3,10,2030,1717,0.14933,0.39677,-0.39677,-0.2613,-0.236,0.0252,8.0922,10.1537,1.2548,3.2412,3.0279,0.2133,0.3764
"height",3,11,2030,2491,0.12471,0.33827,-0.33827,-0.2613,-0.2706,0.0093,8.0922,9.6326,1.1904,3.2412,2.7559,0.4853,0.3687
"height",3,12,2030,4352,0.09252,0.19726,-0.19726,-0.2613,-0.2223,0.039,8.0922,9.927,1.2267,3.2412,2.6465,0.5947,0.469
"height",3,13,2030,2297,0.19157,0.46973,-0.46973,-0.2613,-0.2944,0.0332,8.0922,8.2129,1.0149,3.2412,3.3435,0.1023,0.4078
"height",3,14,2030,3437,0.12459,0.33484,-0.33484,-0.2613,-0.2582,0.003,8.0922,10.0016,1.236,3.2412,2.859,0.3822,0.3721
"height",3,15,2030,2576,0.1339,0.36134,-0.36134,-0.2613,-0.2978,0.0366,8.0922,9.7057,1.1994,3.2412,2.7256,0.5156,0.3706
"height",3,16,2030,1231,0.04084,0.03635,0.03635,-0.2613,-0.4461,0.1849,8.0922,8.9606,1.1073,3.2412,3.3605,0.1193,1.1235
"height",4,5,2876,1909,0.07687,0.11098,0.11098,-0.323,-0.2474,0.0757,9.3597,7.9011,1.1846,2.9248,3.1692,0.2444,0.6926
"height",4,6,2876,1585,0.0461,0.0392,-0.0392,-0.323,-0.2004,0.1227,9.3597,8.1584,1.1472,2.9248,2.9317,0.007,1.176
"height",4,7,2876,3150,0.07575,0.20003,-0.20003,-0.323,-0.2666,0.0565,9.3597,9.9752,1.0658,2.9248,2.592,0.3328,0.3787
"height",4,8,2876,2916,0.08204,0.11009,0.11009,-0.323,-0.1829,0.1402,9.3597,7.8719,1.189,2.9248,3.1503,0.2256,0.7452
"height",4,9,2876,3123,0.06016,0.15812,-0.15812,-0.323,-0.2167,0.1063,9.3597,10.0703,1.0759,2.9248,2.6207,0.304,0.3805
"height",4,10,2876,1717,0.11187,0.29519,-0.29519,-0.323,-0.236,0.087,9.3597,10.1537,1.0848,2.9248,3.0279,0.1031,0.379
"height",4,11,2876,2491,0.08905,0.24028,-0.24028,-0.323,-0.2706,0.0524,9.3597,9.6326,1.0292,2.9248,2.7559,0.1689,0.3706
"height",4,12,2876,4352,0.04399,0.11282,-0.11282,-0.323,-0.2223,0.1008,9.3597,9.927,1.0606,2.9248,2.6465,0.2783,0.3899
"height",4,13,2876,2297,0.12444,0.34677,-0.34677,-0.323,-0.2944,0.0286,9.3597,8.2129,1.1396,2.9248,3.3435,0.4187,0.3589
"height",4,14,2876,3437,0.09146,0.24407,-0.24407,-0.323,-0.2582,0.0648,9.3597,10.0016,1.0686,2.9248,2.859,0.0657,0.3747
"height",4,15,2876,2576,0.09795,0.26322,-0.26322,-0.323,-0.2978,0.0252,9.3597,9.7057,1.037,2.9248,2.7256,0.1991,0.3721
"height",4,16,2876,1231,0.05695,0.11495,0.11495,-0.323,-0.4461,0.1231,9.3597,8.9606,1.0445,2.9248,3.3605,0.4357,0.4954
"height",5,6,1909,1585,0.06642,0.16565,-0.16565,-0.2474,-0.2004,0.047,7.9011,8.1584,1.0326,3.1692,2.9317,0.2375,0.401
"height",5,7,1909,3150,0.1285,0.31522,-0.31522,-0.2474,-0.2666,0.0192,7.9011,9.9752,1.2625,3.1692,2.592,0.5772,0.4077
"height",5,8,1909,2916,0.00897,0.00329,-0.00329,-0.2474,-0.1829,0.0645,7.9011,7.8719,1.0037,3.1692,3.1503,0.0188,NA
"height",5,9,1909,3123,0.11711,0.27043,-0.27043,-0.2474,-0.2167,0.0307,7.9011,10.0703,1.2745,3.1692,2.6207,0.5484,0.4331
"height",5,10,1909,1717,0.16043,0.42378,-0.42378,-0.2474,-0.236,0.0114,7.9011,10.1537,1.2851,3.1692,3.0279,0.1413,0.3786
"height",5,11,1909,2491,0.13562,0.36503,-0.36503,-0.2474,-0.2706,0.0232,7.9011,9.6326,1.2191,3.1692,2.7559,0.4133,0.3715
"height",5,12,1909,4352,0.10494,0.2215,-0.2215,-0.2474,-0.2223,0.0251,7.9011,9.927,1.2564,3.1692,2.6465,0.5227,0.4738
"height",5,13,1909,2297,0.20264,0.50203,-0.50203,-0.2474,-0.2944,0.0471,7.9011,8.2129,1.0395,3.1692,3.3435,0.1743,0.4036
"height",5,14,1909,3437,0.13602,0.3598,-0.3598,-0.2474,-0.2582,0.0109,7.9011,10.0016,1.2658,3.1692,2.859,0.3101,0.378
"height",5,15,1909,2576,0.145,0.38794,-0.38794,-0.2474,-0.2978,0.0505,7.9011,9.7057,1.2284,3.1692,2.7256,0.4435,0.3738
"height",5,16,1909,1231,0.05207,0.01019,0.01019,-0.2474,-0.4461,0.1988,7.9011,8.9606,1.1341,3.1692,3.3605,0.1913,5.1099
"height",6,7,1585,3150,0.08658,0.16868,-0.16868,-0.2004,-0.2666,0.0662,8.1584,9.9752,1.2227,2.9317,2.592,0.3398,0.5133
"height",6,8,1585,2916,0.06616,0.16333,0.16333,-0.2004,-0.1829,0.0175,8.1584,7.8719,1.0364,2.9317,3.1503,0.2186,0.4051
"height",6,9,1585,3123,0.08085,0.12551,-0.12551,-0.2004,-0.2167,0.0164,8.1584,10.0703,1.2343,2.9317,2.6207,0.311,0.6442
"height",6,10,1585,1717,0.11025,0.27047,-0.27047,-0.2004,-0.236,0.0357,8.1584,10.1537,1.2446,2.9317,3.0279,0.0962,0.4076
"height",6,11,1585,2491,0.08523,0.21223,-0.21223,-0.2004,-0.2706,0.0702,8.1584,9.6326,1.1807,2.9317,2.7559,0.1758,0.4016
"height",6,12,1585,4352,0.0715,0.07842,-0.07842,-0.2004,-0.2223,0.0219,8.1584,9.927,1.2168,2.9317,2.6465,0.2852,0.9118
"height",6,13,1585,2297,0.124,0.33264,-0.33264,-0.2004,-0.2944,0.0941,8.1584,8.2129,1.0067,2.9317,3.3435,0.4118,0.3728
"height",6,14,1585,3437,0.09468,0.21356,-0.21356,-0.2004,-0.2582,0.0579,8.1584,10.0016,1.2259,2.9317,2.859,0.0727,0.4433
"height",6,15,1585,2576,0.09389,0.23572,-0.23572,-0.2004,-0.2978,0.0975,8.1584,9.7057,1.1897,2.9317,2.7256,0.2061,0.3983
"height",6,16,1585,1231,0.07714,0.16591,0.16591,-0.2004,-0.4461,0.2458,8.1584,8.9606,1.0983,2.9317,3.3605,0.4288,0.465
"height",7,8,3150,2916,0.13145,0.3201,0.3201,-0.2666,-0.1829,0.0837,9.9752,7.8719,1.2672,2.592,3.1503,0.5584,0.4107
"height",7,9,3150,3123,0.01396,0.03972,0.03972,-0.2666,-0.2167,0.0499,9.9752,10.0703,1.0095,2.592,2.6207,0.0288,0.3515
"height",7,10,3150,1717,0.03214,0.09116,-0.09116,-0.2666,-0.236,0.0306,9.9752,10.1537,1.0179,2.592,3.0279,0.4359,0.3526
"height",7,11,3150,2491,0.01481,0.03482,-0.03482,-0.2666,-0.2706,0.004,9.9752,9.6326,1.0356,2.592,2.7559,0.1639,0.4253
"height",7,12,3150,4352,0.03253,0.08471,0.08471,-0.2666,-0.2223,0.0443,9.9752,9.927,1.0049,2.592,2.6465,0.0545,0.384
"height",7,13,3150,2297,0.07502,0.12271,-0.12271,-0.2666,-0.2944,0.0279,9.9752,8.2129,1.2146,2.592,3.3435,0.7515,0.6114
"height",7,14,3150,3437,0.01609,0.04339,-0.04339,-0.2666,-0.2582,0.0083,9.9752,10.0016,1.0026,2.592,2.859,0.2671,0.3708
"height",7,15,3150,2576,0.01956,0.0578,-0.0578,-0.2666,-0.2978,0.0313,9.9752,9.7057,1.0278,2.592,2.7256,0.1337,0.3384
"height",7,16,3150,1231,0.11773,0.30924,0.30924,-0.2666,-0.4461,0.1796,9.9752,8.9606,1.1132,2.592,3.3605,0.7685,0.3807
"height",8,9,2916,3123,0.12216,0.27447,-0.27447,-0.1829,-0.2167,0.0339,7.8719,10.0703,1.2793,3.1503,2.6207,0.5296,0.4451
"height",8,10,2916,1717,0.18079,0.43294,-0.43294,-0.1829,-0.236,0.0532,7.8719,10.1537,1.2899,3.1503,3.0279,0.1224,0.4176
"height",8,11,2916,2491,0.14157,0.37023,-0.37023,-0.1829,-0.2706,0.0877,7.8719,9.6326,1.2237,3.1503,2.7559,0.3944,0.3824
"height",8,12,2916,4352,0.10935,0.22346,-0.22346,-0.1829,-0.2223,0.0394,7.8719,9.927,1.2611,3.1503,2.6465,0.5038,0.4893
"height",8,13,2916,2297,0.18304,0.50187,-0.50187,-0.1829,-0.2944,0.1116,7.8719,8.2129,1.0433,3.1503,3.3435,0.1932,0.3647
"height",8,14,2916,3437,0.14415,0.36566,-0.36566,-0.1829,-0.2582,0.0754,7.8719,10.0016,1.2705,3.1503,2.859,0.2913,0.3942
"height",8,15,2916,2576,0.15052,0.39393,-0.39393,-0.1829,-0.2978,0.115,7.8719,9.7057,1.233,3.1503,2.7256,0.4247,0.3821
"height",8,16,2916,1231,0.05294,0.0135,0.0135,-0.1829,-0.4461,0.2633,7.8719,8.9606,1.1383,3.1503,3.3605,0.2102,3.9215
"height",9,10,3123,1717,0.0443,0.13002,-0.13002,-0.2167,-0.236,0.0193,10.0703,10.1537,1.0083,2.6207,3.0279,0.4072,0.3407
"height",9,11,3123,2491,0.02607,0.07492,-0.07492,-0.2167,-0.2706,0.0539,10.0703,9.6326,1.0454,2.6207,2.7559,0.1352,0.348
"height",9,12,3123,4352,0.01769,0.04451,0.04451,-0.2167,-0.2223,0.0055,10.0703,9.927,1.0144,2.6207,2.6465,0.0258,0.3974
"height",9,13,3123,2297,0.07853,0.16465,-0.16465,-0.2167,-0.2944,0.0777,10.0703,8.2129,1.2262,2.6207,3.3435,0.7228,0.477
"height",9,14,3123,3437,0.02811,0.08286,-0.08286,-0.2167,-0.2582,0.0415,10.0703,10.0016,1.0069,2.6207,2.859,0.2383,0.3392
"height",9,15,3123,2576,0.03295,0.09767,-0.09767,-0.2167,-0.2978,0.0811,10.0703,9.7057,1.0376,2.6207,2.7256,0.1049,0.3374
"height",9,16,3123,1231,0.10484,0.26633,0.26633,-0.2167,-0.4461,0.2294,10.0703,8.9606,1.1238,2.6207,3.3605,0.7398,0.3936
"height",10,11,1717,2491,0.02308,0.05819,0.05819,-0.236,-0.2706,0.0346,10.1537,9.6326,1.0541,3.0279,2.7559,0.272,0.3966
"height",10,12,1717,4352,0.06443,0.17592,0.17592,-0.236,-0.2223,0.0138,10.1537,9.927,1.0228,3.0279,2.6465,0.3814,0.3662
"height",10,13,1717,2297,0.07465,0.02449,-0.02449,-0.236,-0.2944,0.0584,10.1537,8.2129,1.2363,3.0279,3.3435,0.3156,3.0482
"height",10,14,1717,3437,0.01689,0.04792,0.04792,-0.236,-0.2582,0.0222,10.1537,10.0016,1.0152,3.0279,2.859,0.1688,0.3525
"height",10,15,1717,2576,0.01748,0.03495,0.03495,-0.236,-0.2978,0.0618,10.1537,9.7057,1.0462,3.0279,2.7256,0.3022,0.5001
"height",10,16,1717,1231,0.15337,0.40472,0.40472,-0.236,-0.4461,0.2101,10.1537,8.9606,1.1332,3.0279,3.3605,0.3326,0.379
"height",11,12,2491,4352,0.04562,0.12063,0.12063,-0.2706,-0.2223,0.0483,9.6326,9.927,1.0306,2.7559,2.6465,0.1094,0.3782
"height",11,13,2491,2297,0.06445,0.08863,-0.08863,-0.2706,-0.2944,0.0239,9.6326,8.2129,1.1729,2.7559,3.3435,0.5876,0.7272
"height",11,14,2491,3437,0.01193,0.00927,-0.00927,-0.2706,-0.2582,0.0124,9.6326,10.0016,1.0383,2.7559,2.859,0.1031,NA
"height",11,15,2491,2576,0.00879,0.02353,-0.02353,-0.2706,-0.2978,0.0273,9.6326,9.7057,1.0076,2.7559,2.7256,0.0302,0.3736
"height",11,16,2491,1231,0.13067,0.35494,0.35494,-0.2706,-0.4461,0.1756,9.6326,8.9606,1.075,2.7559,3.3605,0.6046,0.3681
"height",12,13,4352,2297,0.08256,0.21136,-0.21136,-0.2223,-0.2944,0.0722,9.927,8.2129,1.2087,2.6465,3.3435,0.697,0.3906
"height",12,14,4352,3437,0.04617,0.12811,-0.12811,-0.2223,-0.2582,0.036,9.927,10.0016,1.0075,2.6465,2.859,0.2125,0.3604
"height",12,15,4352,2576,0.05234,0.14344,-0.14344,-0.2223,-0.2978,0.0756,9.927,9.7057,1.0228,2.6465,2.7256,0.0792,0.3649
"height",12,16,4352,1231,0.08866,0.22189,0.22189,-0.2223,-0.4461,0.2239,9.927,8.9606,1.1079,2.6465,3.3605,0.714,0.3996
"height",13,14,2297,3437,0.06653,0.07554,0.07554,-0.2944,-0.2582,0.0362,8.2129,10.0016,1.2178,3.3435,2.859,0.4845,0.8807
"height",13,15,2297,2576,0.0659,0.06292,0.06292,-0.2944,-0.2978,0.0034,8.2129,9.7057,1.1818,3.3435,2.7256,0.6178,1.0474
"height",13,16,2297,1231,0.22071,0.48788,0.48788,-0.2944,-0.4461,0.1517,8.2129,8.9606,1.091,3.3435,3.3605,0.017,0.4524
"height",14,15,3437,2576,0.01003,0.01379,-0.01379,-0.2582,-0.2978,0.0396,10.0016,9.7057,1.0305,2.859,2.7256,0.1334,0.7273
"height",14,16,3437,1231,0.13232,0.35257,0.35257,-0.2582,-0.4461,0.1879,10.0016,8.9606,1.1162,2.859,3.3605,0.5014,0.3753
"height",15,16,2576,1231,0.14063,0.37688,0.37688,-0.2978,-0.4461,0.1483,9.7057,8.9606,1.0832,2.7256,3.3605,0.6348,0.3731
"weight",1,2,2188,2952,0.1803,0.43334,0.43334,0.6323,0.6045,0.0278,17.6925,14.2297,1.2434,4.0838,5.1319,1.0481,0.4161
"weight",1,3,2188,2030,0.20627,0.50325,0.50325,0.6323,0.8714,0.2391,17.6925,13.2681,1.3335,4.0838,6.6051,2.5214,0.4099
"weight",1,4,2188,2876,0.12044,0.30801,0.30801,0.6323,0.6455,0.0132,17.6925,15.3416,1.1532,4.0838,4.6777,0.5939,0.391
"weight",1,5,2188,1909,0.23317,0.57937,0.57937,0.6323,0.3749,0.2574,17.6925,12.3431,1.4334,4.0838,3.9491,0.1346,0.4025
"weight",1,6,2188,1585,0.16375,0.3851,0.3851,0.6323,0.3345,0.2978,17.6925,12.3488,1.4327,4.0838,3.6804,0.4034,0.4252
"weight",1,7,2188,3150,0.01745,0.01771,0.01771,0.6323,0.6678,0.0354,17.6925,16.8838,1.0479,4.0838,4.5014,0.4176,0.9853
"weight",1,8,2188,2916,0.20038,0.4748,0.4748,0.6323,0.5113,0.121,17.6925,12.5878,1.4055,4.0838,4.1298,0.046,0.422
"weight",1,9,2188,3123,0.02619,0.0566,0.0566,0.6323,0.6501,0.0178,17.6925,16.9487,1.0439,4.0838,4.181,0.0972,0.4627
"weight",1,10,2188,1717,0.01842,0.00847,0.00847,0.6323,0.8108,0.1784,17.6925,17.0594,1.0371,4.0838,5.0083,0.9245,NA
"weight",1,11,2188,2491,0.01634,0.01595,0.01595,0.6323,0.5376,0.0947,17.6925,16.7792,1.0544,4.0838,4.0874,0.0036,1.0245
"weight",1,12,2188,4352,0.04962,0.1185,0.1185,0.6323,0.7261,0.0938,17.6925,16.8359,1.0509,4.0838,4.5622,0.4784,0.4187
"weight",1,13,2188,2297,0.15715,0.34771,0.34771,0.6323,0.5133,0.119,17.6925,12.0422,1.4692,4.0838,4.5414,0.4577,0.452
"weight",1,14,2188,3437,0.04268,0.09992,0.09992,0.6323,0.6775,0.0452,17.6925,16.4807,1.0735,4.0838,4.3978,0.314,0.4271
"weight",1,15,2188,2576,0.03639,0.07743,0.07743,0.6323,0.879,0.2467,17.6925,16.8485,1.0501,4.0838,5.9381,1.8543,0.47
"weight",1,16,2188,1231,0.21503,0.50596,0.50596,0.6323,0.3391,0.2932,17.6925,12.665,1.397,4.0838,3.8344,0.2494,0.425
"weight",2,3,2952,2030,0.04097,0.07694,0.07694,0.6045,0.8714,0.2669,14.2297,13.2681,1.0725,5.1319,6.6051,1.4732,0.5325
"weight",2,4,2952,2876,0.05266,0.12134,-0.12134,0.6045,0.6455,0.041,14.2297,15.3416,1.0781,5.1319,4.6777,0.4543,0.434
"weight",2,5,2952,1909,0.06551,0.155,0.155,0.6045,0.3749,0.2296,14.2297,12.3431,1.1528,5.1319,3.9491,1.1828,0.4226
"weight",2,6,2952,1585,0.04556,0.05958,-0.05958,0.6045,0.3345,0.27,14.2297,12.3488,1.1523,5.1319,3.6804,1.4515,0.7647
"weight",2,7,2952,3150,0.16967,0.41775,-0.41775,0.6045,0.6678,0.0633,14.2297,16.8838,1.1865,5.1319,4.5014,0.6306,0.4062
"weight",2,8,2952,2916,0.04088,0.02024,0.02024,0.6045,0.5113,0.0932,14.2297,12.5878,1.1304,5.1319,4.1298,1.0022,2.0198
"weight",2,9,2952,3123,0.15223,0.37412,-0.37412,0.6045,0.6501,0.0457,14.2297,16.9487,1.1911,5.1319,4.181,0.9509,0.4069
"weight",2,10,2952,1717,0.18607,0.43689,-0.43689,0.6045,0.8108,0.2063,14.2297,17.0594,1.1989,5.1319,5.0083,0.1237,0.4259
"weight",2,11,2952,2491,0.17292,0.42533,-0.42533,0.6045,0.5376,0.0669,14.2297,16.7792,1.1792,5.1319,4.0874,1.0445,0.4066
"weight",2,12,2952,4352,0.12166,0.30414,-0.30414,0.6045,0.7261,0.1216,14.2297,16.8359,1.1832,5.1319,4.5622,0.5697,0.4
"weight",2,13,2952,2297,0.06902,0.12066,-0.12066,0.6045,0.5133,0.0912,14.2297,12.0422,1.1816,5.1319,4.5414,0.5905,0.572
"weight",2,14,2952,3437,0.13571,0.33269,-0.33269,0.6045,0.6775,0.0731,14.2297,16.4807,1.1582,5.1319,4.3978,0.7341,0.4079
"weight",2,15,2952,2576,0.15285,0.35539,-0.35539,0.6045,0.879,0.2745,14.2297,16.8485,1.184,5.1319,5.9381,0.8062,0.4301
"weight",2,16,2952,1231,0.04334,0.09305,0.09305,0.6045,0.3391,0.2654,14.2297,12.665,1.1235,5.1319,3.8344,1.2975,0.4658
"weight",3,4,2030,2876,0.08425,0.19696,-0.19696,0.8714,0.6455,0.2259,13.2681,15.3416,1.1563,6.6051,4.6777,1.9275,0.4278
"weight",3,5,2030,1909,0.03259,0.08032,0.08032,0.8714,0.3749,0.4965,13.2681,12.3431,1.0749,6.6051,3.9491,2.656,0.4058
"weight",3,6,2030,1585,0.06916,0.14571,-0.14571,0.8714,0.3345,0.5369,13.2681,12.3488,1.0744,6.6051,3.6804,2.9247,0.4746
"weight",3,7,2030,3150,0.2013,0.48857,-0.48857,0.8714,0.6678,0.2037,13.2681,16.8838,1.2725,6.6051,4.5014,2.1038,0.412
"weight",3,8,2030,2916,0.03274,0.06163,-0.06163,0.8714,0.5113,0.3601,13.2681,12.5878,1.054,6.6051,4.1298,2.4754,0.5312
"weight",3,9,2030,3123,0.17855,0.4444,-0.4444,0.8714,0.6501,0.2213,13.2681,16.9487,1.2774,6.6051,4.181,2.4241,0.4018
"weight",3,10,2030,1717,0.21406,0.51332,-0.51332,0.8714,0.8108,0.0607,13.2681,17.0594,1.2857,6.6051,5.0083,1.5969,0.417
"weight",3,11,2030,2491,0.20172,0.49901,-0.49901,0.8714,0.5376,0.3338,13.2681,16.7792,1.2646,6.6051,4.0874,2.5177,0.4042
"weight",3,12,2030,4352,0.14805,0.37249,-0.37249,0.8714,0.7261,0.1453,13.2681,16.8359,1.2689,6.6051,4.5622,2.0429,0.3975
"weight",3,13,2030,2297,0.09017,0.21154,-0.21154,0.8714,0.5133,0.3581,13.2681,12.0422,1.1018,6.6051,4.5414,2.0637,0.4263
"weight",3,14,2030,3437,0.16558,0.40451,-0.40451,0.8714,0.6775,0.1939,13.2681,16.4807,1.2421,6.6051,4.3978,2.2073,0.4093
"weight",3,15,2030,2576,0.18387,0.42772,-0.42772,0.8714,0.879,0.0076,13.2681,16.8485,1.2698,6.6051,5.9381,0.667,0.4299
"weight",3,16,2030,1231,0.02271,0.01668,0.01668,0.8714,0.3391,0.5323,13.2681,12.665,1.0476,6.6051,3.8344,2.7707,1.3615
"weight",4,5,2876,1909,0.11355,0.27353,0.27353,0.6455,0.3749,0.2706,15.3416,12.3431,1.2429,4.6777,3.9491,0.7285,0.4151
"weight",4,6,2876,1585,0.06527,0.06857,0.06857,0.6455,0.3345,0.311,15.3416,12.3488,1.2424,4.6777,3.6804,0.9972,0.9519
"weight",4,7,2876,3150,0.11867,0.29358,-0.29358,0.6455,0.6678,0.0223,15.3416,16.8838,1.1005,4.6777,4.5014,0.1763,0.4042
"weight",4,8,2876,2916,0.07897,0.14736,0.14736,0.6455,0.5113,0.1342,15.3416,12.5878,1.2188,4.6777,4.1298,0.5479,0.5359
"weight",4,9,2876,3123,0.09722,0.25152,-0.25152,0.6455,0.6501,0.0047,15.3416,16.9487,1.1048,4.6777,4.181,0.4966,0.3865
"weight",4,10,2876,1717,0.12264,0.30637,-0.30637,0.6455,0.8108,0.1653,15.3416,17.0594,1.112,4.6777,5.0083,0.3306,0.4003
"weight",4,11,2876,2491,0.11941,0.29806,-0.29806,0.6455,0.5376,0.1079,15.3416,16.7792,1.0937,4.6777,4.0874,0.5902,0.4006
"weight",4,12,2876,4352,0.07269,0.18585,-0.18585,0.6455,0.7261,0.0806,15.3416,16.8359,1.0974,4.6777,4.5622,0.1155,0.3911
"weight",4,13,2876,2297,0.07918,0.01342,0.01342,0.6455,0.5133,0.1322,15.3416,12.0422,1.274,4.6777,4.5414,0.1362,5.9001
"weight",4,14,2876,3437,0.08368,0.21013,-0.21013,0.6455,0.6775,0.0321,15.3416,16.4807,1.0742,4.6777,4.3978,0.2798,0.3982
"weight",4,15,2876,2576,0.0929,0.23122,-0.23122,0.6455,0.879,0.2335,15.3416,16.8485,1.0982,4.6777,5.9381,1.2605,0.4018
"weight",4,16,2876,1231,0.09273,0.2109,0.2109,0.6455,0.3391,0.3064,15.3416,12.665,1.2113,4.6777,3.8344,0.8432,0.4397
"weight",5,6,1909,1585,0.09132,0.23539,-0.23539,0.3749,0.3345,0.0404,12.3431,12.3488,1.0005,3.9491,3.6804,0.2687,0.388
"weight",5,7,1909,3150,0.22737,0.56336,-0.56336,0.3749,0.6678,0.2929,12.3431,16.8838,1.3679,3.9491,4.5014,0.5522,0.4036
"weight",5,8,1909,2916,0.06099,0.14599,-0.14599,0.3749,0.5113,0.1364,12.3431,12.5878,1.0198,3.9491,4.1298,0.1806,0.4178
"weight",5,9,1909,3123,0.19931,0.51833,-0.51833,0.3749,0.6501,0.2752,12.3431,16.9487,1.3731,3.9491,4.181,0.2319,0.3845
"weight",5,10,1909,1717,0.24427,0.59556,-0.59556,0.3749,0.8108,0.4359,12.3431,17.0594,1.3821,3.9491,5.0083,1.0591,0.4102
"weight",5,11,1909,2491,0.22906,0.57713,-0.57713,0.3749,0.5376,0.1627,12.3431,16.7792,1.3594,3.9491,4.0874,0.1383,0.3969
"weight",5,12,1909,4352,0.18195,0.44293,-0.44293,0.3749,0.7261,0.3512,12.3431,16.8359,1.364,3.9491,4.5622,0.6131,0.4108
"weight",5,13,1909,2297,0.11963,0.30399,-0.30399,0.3749,0.5133,0.1384,12.3431,12.0422,1.025,3.9491,4.5414,0.5923,0.3935
"weight",5,14,1909,3437,0.1907,0.47881,-0.47881,0.3749,0.6775,0.3026,12.3431,16.4807,1.3352,3.9491,4.3978,0.4487,0.3983
"weight",5,15,1909,2576,0.21012,0.50384,-0.50384,0.3749,0.879,0.5041,12.3431,16.8485,1.365,3.9491,5.9381,1.989,0.417
"weight",5,16,1909,1231,0.02925,0.06517,-0.06517,0.3749,0.3391,0.0358,12.3431,12.665,1.0261,3.9491,3.8344,0.1147,0.4488
"weight",6,7,1585,3150,0.14567,0.36933,-0.36933,0.3345,0.6678,0.3332,12.3488,16.8838,1.3672,3.6804,4.5014,0.8209,0.3944
"weight",6,8,1585,2916,0.03722,0.08657,0.08657,0.3345,0.5113,0.1768,12.3488,12.5878,1.0194,3.6804,4.1298,0.4493,0.4299
"weight",6,9,1585,3123,0.1312,0.32522,-0.32522,0.3345,0.6501,0.3156,12.3488,16.9487,1.3725,3.6804,4.181,0.5006,0.4034
"weight",6,10,1585,1717,0.16072,0.39291,-0.39291,0.3345,0.8108,0.4763,12.3488,17.0594,1.3815,3.6804,5.0083,1.3279,0.4091
"weight",6,11,1585,2491,0.15534,0.37871,-0.37871,0.3345,0.5376,0.2031,12.3488,16.7792,1.3588,3.6804,4.0874,0.407,0.4102
"weight",6,12,1585,4352,0.11373,0.25409,-0.25409,0.3345,0.7261,0.3916,12.3488,16.8359,1.3634,3.6804,4.5622,0.8818,0.4476
"weight",6,13,1585,2297,0.02823,0.06545,-0.06545,0.3345,0.5133,0.1788,12.3488,12.0422,1.0255,3.6804,4.5414,0.861,0.4313
"weight",6,14,1585,3437,0.12042,0.28371,-0.28371,0.3345,0.6775,0.343,12.3488,16.4807,1.3346,3.6804,4.3978,0.7174,0.4244
"weight",6,15,1585,2576,0.13064,0.30735,-0.30735,0.3345,0.879,0.5445,12.3488,16.8485,1.3644,3.6804,5.9381,2.2577,0.4251
"weight",6,16,1585,1231,0.0714,0.16763,0.16763,0.3345,0.3391,0.0046,12.3488,12.665,1.0256,3.6804,3.8344,0.154,0.4259
"weight",7,8,3150,2916,0.18996,0.45497,0.45497,0.6678,0.5113,0.1565,16.8838,12.5878,1.3413,4.5014,4.1298,0.3716,0.4175
"weight",7,9,3150,3123,0.01758,0.03972,0.03972,0.6678,0.6501,0.0176,16.8838,16.9487,1.0038,4.5014,4.181,0.3203,0.4426
"weight",7,10,3150,1717,0.00876,0.0093,-0.0093,0.6678,0.8108,0.143,16.8838,17.0594,1.0104,4.5014,5.0083,0.5069,NA
"weight",7,11,3150,2491,0.00836,0.00181,-0.00181,0.6678,0.5376,0.1301,16.8838,16.7792,1.0062,4.5014,4.0874,0.4139,NA
"weight",7,12,3150,4352,0.04154,0.10231,0.10231,0.6678,0.7261,0.0583,16.8838,16.8359,1.0028,4.5014,4.5622,0.0608,0.406
"weight",7,13,3150,2297,0.14084,0.32817,0.32817,0.6678,0.5133,0.1544,16.8838,12.0422,1.4021,4.5014,4.5414,0.0401,0.4292
"weight",7,14,3150,3437,0.03413,0.08335,0.08335,0.6678,0.6775,0.0098,16.8838,16.4807,1.0245,4.5014,4.3978,0.1035,0.4095
"weight",7,15,3150,2576,0.0273,0.06107,0.06107,0.6678,0.879,0.2113,16.8838,16.8485,1.0021,4.5014,5.9381,1.4368,0.447
"weight",7,16,3150,1231,0.20116,0.49474,0.49474,0.6678,0.3391,0.3286,16.8838,12.665,1.3331,4.5014,3.8344,0.6669,0.4066
"weight",8,9,2916,3123,0.17049,0.40932,-0.40932,0.5113,0.6501,0.1389,12.5878,16.9487,1.3464,4.1298,4.181,0.0513,0.4165
"weight",8,10,2916,1717,0.20548,0.48378,-0.48378,0.5113,0.8108,0.2995,12.5878,17.0594,1.3552,4.1298,5.0083,0.8785,0.4247
"weight",8,11,2916,2491,0.20279,0.46651,-0.46651,0.5113,0.5376,0.0263,12.5878,16.7792,1.333,4.1298,4.0874,0.0423,0.4347
"weight",8,12,2916,4352,0.14501,0.33311,-0.33311,0.5113,0.7261,0.2148,12.5878,16.8359,1.3375,4.1298,4.5622,0.4324,0.4353
"weight",8,13,2916,2297,0.06391,0.15213,-0.15213,0.5113,0.5133,0.002,12.5878,12.0422,1.0453,4.1298,4.5414,0.4117,0.4201
"weight",8,14,2916,3437,0.15508,0.36586,-0.36586,0.5113,0.6775,0.1663,12.5878,16.4807,1.3093,4.1298,4.3978,0.2681,0.4239
"weight",8,15,2916,2576,0.17708,0.39228,-0.39228,0.5113,0.879,0.3677,12.5878,16.8485,1.3385,4.1298,5.9381,1.8084,0.4514
"weight",8,16,2916,1231,0.03613,0.08016,0.08016,0.5113,0.3391,0.1722,12.5878,12.665,1.0061,4.1298,3.8344,0.2953,0.4507
"weight",9,10,3123,1717,0.01983,0.04882,-0.04882,0.6501,0.8108,0.1606,16.9487,17.0594,1.0065,4.181,5.0083,0.8272,0.4062
"weight",9,11,3123,2491,0.0201,0.04162,-0.04162,0.6501,0.5376,0.1125,16.9487,16.7792,1.0101,4.181,4.0874,0.0936,0.4829
"weight",9,12,3123,4352,0.02655,0.06235,0.06235,0.6501,0.7261,0.0759,16.9487,16.8359,1.0067,4.181,4.5622,0.3812,0.4258
"weight",9,13,3123,2297,0.1269,0.28287,0.28287,0.6501,0.5133,0.1368,16.9487,12.0422,1.4074,4.181,4.5414,0.3604,0.4486
"weight",9,14,3123,3437,0.0188,0.04298,0.04298,0.6501,0.6775,0.0274,16.9487,16.4807,1.0284,4.181,4.3978,0.2168,0.4374
"weight",9,15,3123,2576,0.01444,0.02119,0.02119,0.6501,0.879,0.2289,16.9487,16.8485,1.0059,4.181,5.9381,1.7571,0.6815
"weight",9,16,3123,1231,0.18827,0.45104,0.45104,0.6501,0.3391,0.311,16.9487,12.665,1.3382,4.181,3.8344,0.3466,0.4174
"weight",10,11,1717,2491,0.01251,0.00753,0.00753,0.8108,0.5376,0.2731,17.0594,16.7792,1.0167,5.0083,4.0874,0.9208,NA
"weight",10,12,1717,4352,0.04487,0.11137,0.11137,0.8108,0.7261,0.0847,17.0594,16.8359,1.0133,5.0083,4.5622,0.4461,0.4029
"weight",10,13,1717,2297,0.15247,0.35346,0.35346,0.8108,0.5133,0.2974,17.0594,12.0422,1.4166,5.0083,4.5414,0.4668,0.4314
"weight",10,14,1717,3437,0.03689,0.09279,0.09279,0.8108,0.6775,0.1332,17.0594,16.4807,1.0351,5.0083,4.3978,0.6105,0.3976
"weight",10,15,1717,2576,0.0302,0.07013,0.07013,0.8108,0.879,0.0683,17.0594,16.8485,1.0125,5.0083,5.9381,0.9298,0.4306
"weight",10,16,1717,1231,0.22188,0.51897,0.51897,0.8108,0.3391,0.4716,17.0594,12.665,1.347,5.0083,3.8344,1.1738,0.4275
"weight",11,12,2491,4352,0.04355,0.10437,0.10437,0.5376,0.7261,0.1885,16.7792,16.8359,1.0034,4.0874,4.5622,0.4748,0.4173
"weight",11,13,2491,2297,0.14728,0.33772,0.33772,0.5376,0.5133,0.0243,16.7792,12.0422,1.3934,4.0874,4.5414,0.454,0.4361
"weight",11,14,2491,3437,0.03693,0.08552,0.08552,0.5376,0.6775,0.1399,16.7792,16.4807,1.0181,4.0874,4.3978,0.3104,0.4318
"weight",11,15,2491,2576,0.03078,0.06307,0.06307,0.5376,0.879,0.3414,16.7792,16.8485,1.0041,4.0874,5.9381,1.8507,0.488
"weight",11,16,2491,1231,0.20738,0.50539,0.50539,0.5376,0.3391,0.1985,16.7792,12.665,1.3248,4.0874,3.8344,0.253,0.4103
"weight",12,13,4352,2297,0.11634,0.20905,0.20905,0.7261,0.5133,0.2128,16.8359,12.0422,1.3981,4.5622,4.5414,0.0208,0.5565
"weight",12,14,4352,3437,0.01217,0.02006,-0.02006,0.7261,0.6775,0.0485,16.8359,16.4807,1.0216,4.5622,4.3978,0.1644,0.6067
"weight",12,15,4352,2576,0.01877,0.04124,-0.04124,0.7261,0.879,0.1529,16.8359,16.8485,1.0007,4.5622,5.9381,1.3759,0.4551
"weight",12,16,4352,1231,0.15389,0.38093,0.38093,0.7261,0.3391,0.387,16.8359,12.665,1.3293,4.5622,3.8344,0.7278,0.404
"weight",13,14,2297,3437,0.11767,0.23843,-0.23843,0.5133,0.6775,0.1642,12.0422,16.4807,1.3686,4.5414,4.3978,0.1436,0.4935
"weight",13,15,2297,2576,0.12359,0.26413,-0.26413,0.5133,0.879,0.3657,12.0422,16.8485,1.3991,4.5414,5.9381,1.3967,0.4679
"weight",13,16,2297,1231,0.10256,0.23565,0.23565,0.5133,0.3391,0.1742,12.0422,12.665,1.0517,4.5414,3.8344,0.707,0.4352
"weight",14,15,3437,2576,0.01143,0.02162,-0.02162,0.6775,0.879,0.2015,16.4807,16.8485,1.0223,4.3978,5.9381,1.5403,0.5287
"weight",14,16,3437,1231,0.17692,0.41331,0.41331,0.6775,0.3391,0.3384,16.4807,12.665,1.3013,4.3978,3.8344,0.5634,0.4281
"weight",15,16,2576,1231,0.18884,0.43493,0.43493,0.879,0.3391,0.5399,16.8485,12.665,1.3303,5.9381,3.8344,2.1037,0.4342
