var,region_i,region_j,n_i,n_j,nABCD,abs_SMD,IQR_pooled,skew_i,skew_j,mean_i,mean_j,sd_i,sd_j
sysbp,1,2,2188,2952,0.061606766304751745,0.16178920908785951,32,0.2562347393432245,0.2587671146426221,128.97851919561242,132.82181571815718,23.889759677900752,23.65456731268128
sysbp,1,3,2188,2030,0.02993887815086322,0.008659943104625636,32,0.2562347393432245,0.09340008998300237,128.97851919561242,129.19064039408866,23.889759677900752,25.13009249144596
sysbp,1,4,2188,2876,0.019286101480772408,0.04814643598029465,31,0.2562347393432245,0.4704011730472075,128.97851919561242,130.1192628650904,23.889759677900752,23.54259852553885
sysbp,1,5,2188,1909,0.03776374410570377,0.05771303014965086,31,0.2562347393432245,1.3227114011298648,128.97851919561242,130.379256155055,23.889759677900752,24.700166553047602
sysbp,1,6,2188,1585,0.029090903602385247,0.006230919893906058,32,0.2562347393432245,0.025777472300043302,128.97851919561242,129.12744479495268,23.889759677900752,23.91665684921427
sysbp,1,7,2188,3150,0.026192774253457195,0.06400751829223912,31,0.2562347393432245,0.34622296434899363,128.97851919561242,127.46571428571428,23.889759677900752,23.456098714236003
sysbp,1,8,2188,2916,0.058238166044622064,0.14681699510294488,31,0.2562347393432245,0.1980137642325345,128.97851919561242,132.40157750342937,23.889759677900752,22.874546009561858
sysbp,1,9,2188,3123,0.05380789462170341,0.1383712411256324,31,0.2562347393432245,0.29216998641521147,128.97851919561242,125.71789945565162,23.889759677900752,23.333586698834797
sysbp,1,10,2188,1717,0.010772706150400515,0.02136078316146482,32,0.2562347393432245,0.043049599674489215,128.97851919561242,128.47000582411184,23.889759677900752,23.698668061526345
sysbp,1,11,2188,2491,0.046818939521399545,0.12502278216156537,32,0.2562347393432245,0.2511798290243607,128.97851919561242,126.00200722601365,23.889759677900752,23.735498552837583
sysbp,1,12,2188,4352,0.04548787614301605,0.12262660350889137,32,0.2562347393432245,0.2771253280864839,128.97851919561242,126.07743566176471,23.889759677900752,23.54044087822986
sysbp,1,13,2188,2297,0.027913606746702305,0.05276809984868465,31,0.2562347393432245,0.3622979485365542,128.97851919561242,130.22899434044405,23.889759677900752,23.513021347741727
sysbp,1,14,2188,3437,0.019922103760214575,0.016129850029791226,32,0.2562347393432245,0.49158025714138326,128.97851919561242,128.58073901658423,23.889759677900752,25.139765568544103
sysbp,1,15,2188,2576,0.020714514187695078,0.04734304154331721,31,0.2562347393432245,0.3831690848897345,128.97851919561242,127.85209627329192,23.889759677900752,23.710115400456424
sysbp,1,16,2188,1231,0.12214044124253556,0.32638281785216594,32,0.2562347393432245,0.04147831253966813,128.97851919561242,136.5272136474411,23.889759677900752,21.708655468036877
sysbp,2,3,2952,2030,0.053638443041921016,0.1496369232848191,34,0.2587671146426221,0.09340008998300237,132.82181571815718,129.19064039408866,23.65456731268128,25.13009249144596
sysbp,2,4,2952,2876,0.04513213090015117,0.11451796172858235,32,0.2587671146426221,0.4704011730472075,132.82181571815718,130.1192628650904,23.65456731268128,23.54259852553885
sysbp,2,5,2952,1909,0.05646769097421853,0.10147496693917936,32,0.2587671146426221,1.3227114011298648,132.82181571815718,130.379256155055,23.65456731268128,24.700166553047602
sysbp,2,6,2952,1585,0.0539091011234583,0.1555757828125214,35,0.2587671146426221,0.025777472300043302,132.82181571815718,129.12744479495268,23.65456731268128,23.91665684921427
sysbp,2,7,2952,3150,0.08493478997289972,0.22741289394290476,32,0.2587671146426221,0.34622296434899363,132.82181571815718,127.46571428571428,23.65456731268128,23.456098714236003
sysbp,2,8,2952,2916,0.014882931429622945,0.01805905746372575,32,0.2587671146426221,0.1980137642325345,132.82181571815718,132.40157750342937,23.65456731268128,22.874546009561858
sysbp,2,9,2952,3123,0.11242036366689315,0.30242163704740554,32,0.2587671146426221,0.29216998641521147,132.82181571815718,125.71789945565162,23.65456731268128,23.333586698834797
sysbp,2,10,2952,1717,0.06645822401465398,0.18384724350411238,33,0.2587671146426221,0.043049599674489215,132.82181571815718,128.47000582411184,23.65456731268128,23.698668061526345
sysbp,2,11,2952,2491,0.10353263783784389,0.2878571877566283,33,0.2587671146426221,0.2511798290243607,132.82181571815718,126.00200722601365,23.65456731268128,23.735498552837583
sysbp,2,12,2952,4352,0.1028876707202344,0.2859408092745624,33,0.2587671146426221,0.2771253280864839,132.82181571815718,126.07743566176471,23.65456731268128,23.54044087822986
sysbp,2,13,2952,2297,0.04209331601369999,0.10989915015135907,33,0.2587671146426221,0.3622979485365542,132.82181571815718,130.22899434044405,23.65456731268128,23.513021347741727
sysbp,2,14,2952,3437,0.06914218841097786,0.17335449053093455,33,0.2587671146426221,0.49158025714138326,132.82181571815718,128.58073901658423,23.65456731268128,25.139765568544103
sysbp,2,15,2952,2576,0.0815946854745045,0.20986576336256493,31,0.2587671146426221,0.3831690848897345,132.82181571815718,127.85209627329192,23.65456731268128,23.710115400456424
sysbp,2,16,2952,1231,0.07131713701377469,0.16041288722893648,30,0.2587671146426221,0.04147831253966813,132.82181571815718,136.5272136474411,23.65456731268128,21.708655468036877
sysbp,3,4,2030,2876,0.029150649891748974,0.03835374555204227,32,0.09340008998300237,0.4704011730472075,129.19064039408866,130.1192628650904,25.13009249144596,23.54259852553885
sysbp,3,5,2030,1909,0.04171393622250836,0.047692166349296954,32,0.09340008998300237,1.3227114011298648,129.19064039408866,130.379256155055,25.13009249144596,24.700166553047602
sysbp,3,6,2030,1585,0.021308632627027077,0.002568355732588808,33,0.09340008998300237,0.025777472300043302,129.19064039408866,129.12744479495268,25.13009249144596,23.91665684921427
sysbp,3,7,2030,3150,0.043688754700990505,0.07149686941374774,31,0.09340008998300237,0.34622296434899363,129.19064039408866,127.46571428571428,25.13009249144596,23.456098714236003
sysbp,3,8,2030,2916,0.050800147064514904,0.134765750443487,33,0.09340008998300237,0.1980137642325345,129.19064039408866,132.40157750342937,25.13009249144596,22.874546009561858
sysbp,3,9,2030,3123,0.06517211672284712,0.14435315152717143,30,0.09340008998300237,0.29216998641521147,129.19064039408866,125.71789945565162,25.13009249144596,23.333586698834797
sysbp,3,10,2030,1717,0.030245854200024475,0.02943217077111668,33,0.09340008998300237,0.043049599674489215,129.19064039408866,128.47000582411184,25.13009249144596,23.698668061526345
sysbp,3,11,2030,2491,0.059090414990230516,0.13083431789506042,31,0.09340008998300237,0.2511798290243607,129.19064039408866,126.00200722601365,25.13009249144596,23.735498552837583
sysbp,3,12,2030,4352,0.06129269973075437,0.1294074534126281,30,0.09340008998300237,0.2771253280864839,129.19064039408866,126.07743566176471,25.13009249144596,23.54044087822986
sysbp,3,13,2030,2297,0.030943870530062447,0.04275691213205748,30,0.09340008998300237,0.3622979485365542,129.19064039408866,130.22899434044405,25.13009249144596,23.513021347741727
sysbp,3,14,2030,3437,0.0315198730150623,0.02426389001837425,33,0.09340008998300237,0.49158025714138326,129.19064039408866,128.58073901658423,25.13009249144596,25.139765568544103
sysbp,3,15,2030,2576,0.03839306630167057,0.054979786213952046,32,0.09340008998300237,0.3831690848897345,129.19064039408866,127.85209627329192,25.13009249144596,23.710115400456424
sysbp,3,16,2030,1231,0.12237231728728287,0.3070157187217074,31,0.09340008998300237,0.04147831253966813,129.19064039408866,136.5272136474411,25.13009249144596,21.708655468036877
sysbp,4,5,2876,1909,0.02681318782945145,0.010828064351253094,31,0.4704011730472075,1.3227114011298648,130.1192628650904,130.379256155055,23.54259852553885,24.700166553047602
sysbp,4,6,2876,1585,0.026116396080035797,0.041891011848027,32,0.4704011730472075,0.025777472300043302,130.1192628650904,129.12744479495268,23.54259852553885,23.91665684921427
sysbp,4,7,2876,3150,0.04300496650422628,0.11292935359189277,31,0.4704011730472075,0.34622296434899363,130.1192628650904,127.46571428571428,23.54259852553885,23.456098714236003
sysbp,4,8,2876,2916,0.04194425073641366,0.09833888793713441,31,0.4704011730472075,0.1980137642325345,130.1192628650904,132.40157750342937,23.54259852553885,22.874546009561858
sysbp,4,9,2876,3123,0.069903572204572,0.1878193854224553,31.5,0.4704011730472075,0.29216998641521147,130.1192628650904,125.71789945565162,23.54259852553885,23.333586698834797
sysbp,4,10,2876,1717,0.026477917103407578,0.06988065148591081,32,0.4704011730472075,0.043049599674489215,130.1192628650904,128.47000582411184,23.54259852553885,23.698668061526345
sysbp,4,11,2876,2491,0.06642223953831265,0.1742213681947837,31,0.4704011730472075,0.2511798290243607,130.1192628650904,126.00200722601365,23.54259852553885,23.735498552837583
sysbp,4,12,2876,4352,0.06318227247843464,0.17169091395896843,32,0.4704011730472075,0.2771253280864839,130.1192628650904,126.07743566176471,23.54259852553885,23.54044087822986
sysbp,4,13,2876,2297,0.01830850755929454,0.004663576078313943,30,0.4704011730472075,0.3622979485365542,130.1192628650904,130.22899434044405,23.54259852553885,23.513021347741727
sysbp,4,14,2876,3437,0.03113922241262656,0.06298939443816096,32,0.4704011730472075,0.49158025714138326,130.1192628650904,128.58073901658423,23.54259852553885,25.139765568544103
sysbp,4,15,2876,2576,0.035643717159680934,0.09597733985118,32,0.4704011730472075,0.3831690848897345,130.1192628650904,127.85209627329192,23.54259852553885,23.710115400456424
sysbp,4,16,2876,1231,0.10638036383205535,0.2785044904606403,32,0.4704011730472075,0.04147831253966813,130.1192628650904,136.5272136474411,23.54259852553885,21.708655468036877
sysbp,5,6,1909,1585,0.03731727899115318,0.05141355687092115,30,1.3227114011298648,0.025777472300043302,130.379256155055,129.12744479495268,24.700166553047602,23.91665684921427
sysbp,5,7,1909,3150,0.053099822339738534,0.12173701157285453,30,1.3227114011298648,0.34622296434899363,130.379256155055,127.46571428571428,24.700166553047602,23.456098714236003
sysbp,5,8,1909,2916,0.05620095039907948,0.08564205077200393,30,1.3227114011298648,0.1980137642325345,130.379256155055,132.40157750342937,24.700166553047602,22.874546009561858
sysbp,5,9,1909,3123,0.07776454633077969,0.19535316273652417,30,1.3227114011298648,0.29216998641521147,130.379256155055,125.71789945565162,24.700166553047602,23.333586698834797
sysbp,5,10,1909,1717,0.04405348282310198,0.07879335901618092,31,1.3227114011298648,0.043049599674489215,130.379256155055,128.47000582411184,24.700166553047602,23.698668061526345
sysbp,5,11,1909,2491,0.07236746961156684,0.18118700873342022,31,1.3227114011298648,0.2511798290243607,130.379256155055,126.00200722601365,24.700166553047602,23.735498552837583
sysbp,5,12,1909,4352,0.07184150404366825,0.17999296922888858,30,1.3227114011298648,0.2771253280864839,130.379256155055,126.07743566176471,24.700166553047602,23.54044087822986
sysbp,5,13,1909,2297,0.029181776033740666,0.006245536542573926,30,1.3227114011298648,0.3622979485365542,130.379256155055,130.22899434044405,24.700166553047602,23.513021347741727
sysbp,5,14,1909,3437,0.04618766480848203,0.07198761927084242,32.75,1.3227114011298648,0.49158025714138326,130.379256155055,128.58073901658423,24.700166553047602,25.139765568544103
sysbp,5,15,1909,2576,0.047304047888609146,0.10470303305462804,31,1.3227114011298648,0.3831690848897345,130.379256155055,127.85209627329192,24.700166553047602,23.710115400456424
sysbp,5,16,1909,1231,0.12591283439837833,0.260806506125601,30,1.3227114011298648,0.04147831253966813,130.379256155055,136.5272136474411,24.700166553047602,21.708655468036877
sysbp,6,7,1585,3150,0.042499705217727037,0.07037880650969192,31,0.025777472300043302,0.34622296434899363,129.12744479495268,127.46571428571428,23.91665684921427,23.456098714236003
sysbp,6,8,1585,2916,0.04955075700361022,0.14084242071651057,34,0.025777472300043302,0.1980137642325345,129.12744479495268,132.40157750342937,23.91665684921427,22.874546009561858
sysbp,6,9,1585,3123,0.060880297564994725,0.14489308671582893,30,0.025777472300043302,0.29216998641521147,129.12744479495268,125.71789945565162,23.91665684921427,23.333586698834797
sysbp,6,10,1585,1717,0.02678811952451511,0.027619364363090898,33,0.025777472300043302,0.043049599674489215,129.12744479495268,128.47000582411184,23.91665684921427,23.698668061526345
sysbp,6,11,1585,2491,0.060409108214658176,0.13128726815138664,30.25,0.025777472300043302,0.2511798290243607,129.12744479495268,126.00200722601365,23.91665684921427,23.735498552837583
sysbp,6,12,1585,4352,0.05744460890625968,0.1290111656332431,30,0.025777472300043302,0.2771253280864839,129.12744479495268,126.07743566176471,23.91665684921427,23.54044087822986
sysbp,6,13,1585,2297,0.021622282435783527,0.04652081999854871,30,0.025777472300043302,0.3622979485365542,129.12744479495268,130.22899434044405,23.91665684921427,23.513021347741727
sysbp,6,14,1585,3437,0.03809550231839132,0.022079885571767526,33,0.025777472300043302,0.49158025714138326,129.12744479495268,128.58073901658423,23.91665684921427,25.139765568544103
sysbp,6,15,1585,2576,0.038397078192046935,0.05361087217017383,32,0.025777472300043302,0.3831690848897345,129.12744479495268,127.85209627329192,23.91665684921427,23.710115400456424
sysbp,6,16,1585,1231,0.1254311635706055,0.3220419387658411,30,0.025777472300043302,0.04147831253966813,129.12744479495268,136.5272136474411,23.91665684921427,21.708655468036877
sysbp,7,8,3150,2916,0.08179935268943633,0.21295131827737626,31,0.34622296434899363,0.1980137642325345,127.46571428571428,132.40157750342937,23.456098714236003,22.874546009561858
sysbp,7,9,3150,3123,0.0295975328972447,0.07470830889482681,30,0.34622296434899363,0.29216998641521147,127.46571428571428,125.71789945565162,23.456098714236003,23.333586698834797
sysbp,7,10,3150,1717,0.02386479173805154,0.042659669082880373,31,0.34622296434899363,0.043049599674489215,127.46571428571428,128.47000582411184,23.456098714236003,23.698668061526345
sysbp,7,11,3150,2491,0.024268369715204116,0.062074404468081705,31,0.34622296434899363,0.2511798290243607,127.46571428571428,126.00200722601365,23.456098714236003,23.735498552837583
sysbp,7,12,3150,4352,0.022776387100539117,0.05906295548630738,31,0.34622296434899363,0.2771253280864839,127.46571428571428,126.07743566176471,23.456098714236003,23.54044087822986
sysbp,7,13,3150,2297,0.04608850208903578,0.11768595173422806,31,0.34622296434899363,0.3622979485365542,127.46571428571428,130.22899434044405,23.456098714236003,23.513021347741727
sysbp,7,14,3150,3437,0.02153853691850132,0.04579316529633743,32,0.34622296434899363,0.49158025714138326,127.46571428571428,128.58073901658423,23.456098714236003,25.139765568544103
sysbp,7,15,3150,2576,0.008468827222333553,0.016392463200967,31,0.34622296434899363,0.3831690848897345,127.46571428571428,127.85209627329192,23.456098714236003,23.710115400456424
sysbp,7,16,3150,1231,0.14429883837504676,0.394343583517847,32,0.34622296434899363,0.04147831253966813,127.46571428571428,136.5272136474411,23.456098714236003,21.708655468036877
sysbp,8,9,2916,3123,0.1097381416101526,0.2891730404731666,31,0.1980137642325345,0.29216998641521147,132.40157750342937,125.71789945565162,22.874546009561858,23.333586698834797
sysbp,8,10,2916,1717,0.062475274113740376,0.1695860902630826,32,0.1980137642325345,0.043049599674489215,132.40157750342937,128.47000582411184,22.874546009561858,23.698668061526345
sysbp,8,11,2916,2491,0.10393987006704378,0.2749531471314233,31,0.1980137642325345,0.2511798290243607,132.40157750342937,126.00200722601365,22.874546009561858,23.735498552837583
sysbp,8,12,2916,4352,0.09702511357064962,0.2717071268376658,33,0.1980137642325345,0.2771253280864839,132.40157750342937,126.07743566176471,22.874546009561858,23.54044087822986
sysbp,8,13,2916,2297,0.03749893672443872,0.09381553601496502,32,0.1980137642325345,0.3622979485365542,132.40157750342937,130.22899434044405,22.874546009561858,23.513021347741727
sysbp,8,14,2916,3437,0.06416253211869516,0.15836694898053894,34,0.1980137642325345,0.49158025714138326,132.40157750342937,128.58073901658423,22.874546009561858,25.139765568544103
sysbp,8,15,2916,2576,0.07381644808520564,0.19550680899959733,32,0.1980137642325345,0.3831690848897345,132.40157750342937,127.85209627329192,22.874546009561858,23.710115400456424
sysbp,8,16,2916,1231,0.07137103544057141,0.1830778687934804,30,0.1980137642325345,0.04147831253966813,132.40157750342937,136.5272136474411,22.874546009561858,21.708655468036877
sysbp,9,10,3123,1717,0.046377822411675346,0.11729194696911159,31,0.29216998641521147,0.043049599674489215,125.71789945565162,128.47000582411184,23.333586698834797,23.698668061526345
sysbp,9,11,3123,2491,0.014271499074542214,0.012083131634128871,30,0.29216998641521147,0.2511798290243607,125.71789945565162,126.00200722601365,23.333586698834797,23.735498552837583
sysbp,9,12,3123,4352,0.011095197740279254,0.015329259321271806,30,0.29216998641521147,0.2771253280864839,125.71789945565162,126.07743566176471,23.333586698834797,23.54044087822986
sysbp,9,13,3123,2297,0.07531299671900306,0.1927011772555012,30,0.29216998641521147,0.3622979485365542,125.71789945565162,130.22899434044405,23.333586698834797,23.513021347741727
sysbp,9,14,3123,3437,0.0449710086786064,0.11782848733111788,32,0.29216998641521147,0.49158025714138326,125.71789945565162,128.58073901658423,23.333586698834797,25.139765568544103
sysbp,9,15,3123,2576,0.03475311556639289,0.09079941451902403,31,0.29216998641521147,0.3831690848897345,125.71789945565162,127.85209627329192,23.333586698834797,23.710115400456424
sysbp,9,16,3123,1231,0.17122854646470087,0.4723105153720162,32,0.29216998641521147,0.04147831253966813,125.71789945565162,136.5272136474411,23.333586698834797,21.708655468036877
sysbp,10,11,1717,2491,0.04205698172126705,0.10404505718664733,32,0.043049599674489215,0.2511798290243607,128.47000582411184,126.00200722601365,23.698668061526345,23.735498552837583
sysbp,10,12,1717,4352,0.03930411674841659,0.1014432711509614,32,0.043049599674489215,0.2771253280864839,128.47000582411184,126.07743566176471,23.698668061526345,23.54044087822986
sysbp,10,13,1717,2297,0.032648703768898946,0.07455677589768404,31,0.043049599674489215,0.3622979485365542,128.47000582411184,130.22899434044405,23.698668061526345,23.513021347741727
sysbp,10,14,1717,3437,0.020672870312925983,0.004488736180019569,33,0.043049599674489215,0.49158025714138326,128.47000582411184,128.58073901658423,23.698668061526345,25.139765568544103
sysbp,10,15,1717,2576,0.020931798524472755,0.026066041856113834,31,0.043049599674489215,0.3831690848897345,128.47000582411184,127.85209627329192,23.698668061526345,23.710115400456424
sysbp,10,16,1717,1231,0.122742024559138,0.3520144464455262,33.25,0.043049599674489215,0.04147831253966813,128.47000582411184,136.5272136474411,23.698668061526345,21.708655468036877
sysbp,11,12,2491,4352,0.010418617623936394,0.003194546593736482,30,0.2511798290243607,0.2771253280864839,126.00200722601365,126.07743566176471,23.735498552837583,23.54044087822986
sysbp,11,13,2491,2297,0.06915856398833407,0.17888957108344605,31,0.2511798290243607,0.3622979485365542,126.00200722601365,130.22899434044405,23.735498552837583,23.513021347741727
sysbp,11,14,2491,3437,0.04057050282092054,0.1049993588487119,32,0.2511798290243607,0.49158025714138326,126.00200722601365,128.58073901658423,23.735498552837583,25.139765568544103
sysbp,11,15,2491,2576,0.029104166010837762,0.07798846886070564,32,0.2511798290243607,0.3831690848897345,126.00200722601365,127.85209627329192,23.735498552837583,23.710115400456424
sysbp,11,16,2491,1231,0.16081492812867926,0.4559320404627588,33,0.2511798290243607,0.04147831253966813,126.00200722601365,136.5272136474411,23.735498552837583,21.708655468036877
sysbp,12,13,4352,2297,0.06719676675097624,0.17642953532424985,31,0.2771253280864839,0.3622979485365542,126.07743566176471,130.22899434044405,23.54044087822986,23.513021347741727
sysbp,12,14,4352,3437,0.03940265329535901,0.10319010546209023,32,0.2771253280864839,0.49158025714138326,126.07743566176471,128.58073901658423,23.54044087822986,25.139765568544103
sysbp,12,15,4352,2576,0.028695654936238133,0.0751858036880094,31,0.2771253280864839,0.3831690848897345,126.07743566176471,127.85209627329192,23.54044087822986,23.710115400456424
sysbp,12,16,4352,1231,0.16033286785792897,0.45141012432091776,33,0.2771253280864839,0.04147831253966813,126.07743566176471,136.5272136474411,23.54044087822986,21.708655468036877
sysbp,13,14,2297,3437,0.03816472543413822,0.06727262467016416,33,0.3622979485365542,0.49158025714138326,130.22899434044405,128.58073901658423,23.513021347741727,25.139765568544103
sysbp,13,15,2297,2576,0.04084399503250937,0.10064174169129024,32,0.3622979485365542,0.3831690848897345,130.22899434044405,127.85209627329192,23.513021347741727,23.710115400456424
sysbp,13,16,2297,1231,0.10970191991555643,0.275034480295326,30,0.3622979485365542,0.04147831253966813,130.22899434044405,136.5272136474411,23.513021347741727,21.708655468036877
sysbp,14,15,3437,2576,0.018331038368426752,0.029695031256084577,32,0.49158025714138326,0.3831690848897345,128.58073901658423,127.85209627329192,25.139765568544103,23.710115400456424
sysbp,14,16,3437,1231,0.1258948472931919,0.32725249826714786,34,0.49158025714138326,0.04147831253966813,128.58073901658423,136.5272136474411,25.139765568544103,21.708655468036877
sysbp,15,16,2576,1231,0.13962858015594806,0.3758371733476544,32,0.3831690848897345,0.04147831253966813,127.85209627329192,136.5272136474411,23.710115400456424,21.708655468036877
age,1,2,2188,2952,0.05380814760891369,0.15980171883117356,18.215000000000003,-0.04894879565577479,-0.3073846644575668,60.46918647166362,62.35276524390244,12.026568090508135,11.606219806435448
age,1,3,2188,2030,0.06671729664406993,0.19895127237347013,17.866999999999997,-0.04894879565577479,-0.21795287018783976,60.46918647166362,62.846324137931035,12.026568090508135,11.863444896511986
age,1,4,2188,2876,0.014604546101761288,0.022966302067238542,18.5,-0.04894879565577479,-0.1360058424693836,60.46918647166362,60.7478814325452,12.026568090508135,12.216754316886064
age,1,5,2188,1909,0.024848872539215378,0.03035590017545074,18.429999999999993,-0.04894879565577479,-0.256369879029101,60.46918647166362,60.10342954426401,12.026568090508135,12.074568095668946
age,1,6,2188,1585,0.02979417180144171,0.004686608696892929,17.78099999999999,-0.04894879565577479,-0.16440624363335965,60.46918647166362,60.524175394321766,12.026568090508135,11.31566177811944
age,1,7,2188,3150,0.013758502636817578,0.03981418627956096,18.842000000000006,-0.04894879565577479,-0.13023023876754128,60.46918647166362,59.987805396825394,12.026568090508135,12.135027549917329
age,1,8,2188,2916,0.017593190574367076,0.018894488816413986,18.369500000000002,-0.04894879565577479,-0.17298059250793074,60.46918647166362,60.24141392318244,12.026568090508135,12.076239749110998
age,1,9,2188,3123,0.01676467947583599,0.022596201643237737,18.147999999999996,-0.04894879565577479,-0.1669316537612197,60.46918647166362,60.738540505923794,12.026568090508135,11.845330324763552
age,1,10,2188,1717,0.0432827902855825,0.13352640535878774,18.577999999999996,-0.04894879565577479,-0.09843691636861651,60.46918647166362,58.86704135119394,12.026568090508135,11.963120152893982
age,1,11,2188,2491,0.027449404385156844,0.08469975912147455,18.85600000000001,-0.04894879565577479,-0.06732637580752293,60.46918647166362,61.498069450020076,12.026568090508135,12.252570093723213
age,1,12,2188,4352,0.017481208114130058,0.052050868509333145,18.529750000000007,-0.04894879565577479,-0.10463432933376221,60.46918647166362,61.09587683823529,12.026568090508135,12.046685490434438
age,1,13,2188,2297,0.03786258998872762,0.06783837293806835,17.506999999999998,-0.04894879565577479,-0.3435979239718021,60.46918647166362,61.263631258162825,12.026568090508135,11.40198710180082
age,1,14,2188,3437,0.015295529537350451,0.03860183860705305,18.327999999999996,-0.04894879565577479,-0.11659307085709245,60.46918647166362,60.92851905731743,12.026568090508135,11.817483570099421
age,1,15,2188,2576,0.013746820780827862,0.029202315126202295,18.564749999999997,-0.04894879565577479,-0.12254007301270839,60.46918647166362,60.822283385093165,12.026568090508135,12.146193843422383
age,1,16,2188,1231,0.049050196039508186,0.10943453913787561,18.081500000000005,-0.04894879565577479,-0.37235804779991577,60.46918647166362,61.74232818846466,12.026568090508135,10.90060150564581
age,2,3,2952,2030,0.018188131750922702,0.04214236786877394,16.800999999999995,-0.3073846644575668,-0.21795287018783976,62.35276524390244,62.846324137931035,11.606219806435448,11.863444896511986
age,2,4,2952,2876,0.04877145036311342,0.13473492465912562,17.757999999999996,-0.3073846644575668,-0.1360058424693836,62.35276524390244,60.7478814325452,11.606219806435448,12.216754316886064
age,2,5,2952,1909,0.06527707963219359,0.19074539654567943,17.351999999999997,-0.3073846644575668,-0.256369879029101,62.35276524390244,60.10342954426401,11.606219806435448,12.074568095668946
age,2,6,2952,1585,0.055259780303096556,0.15893088184841583,16.913999999999994,-0.3073846644575668,-0.16440624363335965,62.35276524390244,60.524175394321766,11.606219806435448,11.31566177811944
age,2,7,2952,3150,0.06603808343334575,0.19903475710239346,18.15250000000001,-0.3073846644575668,-0.13023023876754128,62.35276524390244,59.987805396825394,11.606219806435448,12.135027549917329
age,2,8,2952,2916,0.061131983134600484,0.17829167396054804,17.57,-0.3073846644575668,-0.17298059250793074,62.35276524390244,60.24141392318244,11.606219806435448,12.076239749110998
age,2,9,2952,3123,0.047913874093887573,0.13761799730028584,17.328000000000003,-0.3073846644575668,-0.1669316537612197,62.35276524390244,60.738540505923794,11.606219806435448,11.845330324763552
age,2,10,2952,1717,0.0978844172188988,0.2969426889305299,17.875,-0.3073846644575668,-0.09843691636861651,62.35276524390244,58.86704135119394,11.606219806435448,11.963120152893982
age,2,11,2952,2491,0.03348879403955389,0.07178475870363027,17.975999999999992,-0.3073846644575668,-0.06732637580752293,62.35276524390244,61.498069450020076,11.606219806435448,12.252570093723213
age,2,12,2952,4352,0.038987442520656466,0.10588206020114665,17.94699999999999,-0.3073846644575668,-0.10463432933376221,62.35276524390244,61.09587683823529,11.606219806435448,12.046685490434438
age,2,13,2952,2297,0.033544377783114844,0.09456507211955444,16.523999999999994,-0.3073846644575668,-0.3435979239718021,62.35276524390244,61.263631258162825,11.606219806435448,11.40198710180082
age,2,14,2952,3437,0.043442061900190454,0.12151912283095849,17.555,-0.3073846644575668,-0.11659307085709245,62.35276524390244,60.92851905731743,11.606219806435448,11.817483570099421
age,2,15,2952,2576,0.046049512189478,0.12903594637434707,17.72274999999999,-0.3073846644575668,-0.12254007301270839,62.35276524390244,60.822283385093165,11.606219806435448,12.146193843422383
age,2,16,2952,1231,0.02639159873220219,0.053532227204489885,16.679999999999993,-0.3073846644575668,-0.37235804779991577,62.35276524390244,61.74232818846466,11.606219806435448,10.90060150564581
age,3,4,2030,2876,0.06035778693241038,0.17382972628131654,17.412,-0.21795287018783976,-0.1360058424693836,62.846324137931035,60.7478814325452,11.863444896511986,12.216754316886064
age,3,5,2030,1909,0.08131381059518049,0.2292196625937921,16.875000000000007,-0.21795287018783976,-0.256369879029101,62.846324137931035,60.10342954426401,11.863444896511986,12.074568095668946
age,3,6,2030,1585,0.07135344808339175,0.19972955754875907,16.288999999999994,-0.21795287018783976,-0.16440624363335965,62.846324137931035,60.524175394321766,11.863444896511986,11.31566177811944
age,3,7,2030,3150,0.08040857686237368,0.23762892317771128,17.806999999999988,-0.21795287018783976,-0.13023023876754128,62.846324137931035,59.987805396825394,11.863444896511986,12.135027549917329
age,3,8,2030,2916,0.07559863648357613,0.21726837910624003,17.241999999999997,-0.21795287018783976,-0.17298059250793074,62.846324137931035,60.24141392318244,11.863444896511986,12.076239749110998
age,3,9,2030,3123,0.06240393235327794,0.17783498324530164,17.008000000000003,-0.21795287018783976,-0.1669316537612197,62.846324137931035,60.738540505923794,11.863444896511986,11.845330324763552
age,3,10,2030,1717,0.11422062354959146,0.334134606523122,17.422000000000004,-0.21795287018783976,-0.09843691636861651,62.846324137931035,58.86704135119394,11.863444896511986,11.963120152893982
age,3,11,2030,2491,0.03988651140462984,0.1116159735078978,17.65599999999999,-0.21795287018783976,-0.06732637580752293,62.846324137931035,61.498069450020076,11.863444896511986,12.252570093723213
age,3,12,2030,4352,0.04971105350462909,0.1460079274489988,17.682999999999993,-0.21795287018783976,-0.10463432933376221,62.846324137931035,61.09587683823529,11.863444896511986,12.046685490434438
age,3,13,2030,2297,0.0493409972877553,0.1361953666981126,16.07050000000001,-0.21795287018783976,-0.3435979239718021,62.846324137931035,61.263631258162825,11.863444896511986,11.40198710180082
age,3,14,2030,3437,0.055764878573224284,0.1620511194301792,17.250000000000007,-0.21795287018783976,-0.11659307085709245,62.846324137931035,60.92851905731743,11.863444896511986,11.817483570099421
age,3,15,2030,2576,0.0582878038304265,0.16835573006675722,17.422000000000004,-0.21795287018783976,-0.12254007301270839,62.846324137931035,60.822283385093165,11.863444896511986,12.146193843422383
age,3,16,2030,1231,0.03623065740189266,0.09592024902646108,16.163999999999994,-0.21795287018783976,-0.37235804779991577,62.846324137931035,61.74232818846466,11.863444896511986,10.90060150564581
age,4,5,2876,1909,0.020069923355994224,0.05299666949388627,17.702999999999996,-0.1360058424693836,-0.256369879029101,60.7478814325452,60.10342954426401,12.216754316886064,12.074568095668946
age,4,6,2876,1585,0.026589664140491676,0.01879177269491141,17.241999999999997,-0.1360058424693836,-0.16440624363335965,60.7478814325452,60.524175394321766,12.216754316886064,11.31566177811944
age,4,7,2876,3150,0.02095520240644628,0.062433854760094366,18.459250000000004,-0.1360058424693836,-0.13023023876754128,60.7478814325452,59.987805396825394,12.216754316886064,12.135027549917329
age,4,8,2876,2916,0.015547921667947445,0.041697558921454124,17.864999999999995,-0.1360058424693836,-0.17298059250793074,60.7478814325452,60.24141392318244,12.216754316886064,12.076239749110998
age,4,9,2876,3123,0.010123568399826383,7.768035344461495e-4,17.71900000000001,-0.1360058424693836,-0.1669316537612197,60.7478814325452,60.738540505923794,12.216754316886064,11.845330324763552
age,4,10,2876,1717,0.05165281935896802,0.15515188311507574,18.234,-0.1360058424693836,-0.09843691636861651,60.7478814325452,58.86704135119394,12.216754316886064,11.963120152893982
age,4,11,2876,2491,0.020518983180777987,0.06132298637572643,18.331999999999994,-0.1360058424693836,-0.06732637580752293,60.7478814325452,61.498069450020076,12.216754316886064,12.252570093723213
age,4,12,2876,4352,0.010383760309356393,0.02872520393240649,18.089999999999996,-0.1360058424693836,-0.10463432933376221,60.7478814325452,61.09587683823529,12.216754316886064,12.046685490434438
age,4,13,2876,2297,0.031935880627186185,0.043479545274939066,17.078000000000003,-0.1360058424693836,-0.3435979239718021,60.7478814325452,61.263631258162825,12.216754316886064,11.40198710180082
age,4,14,2876,3437,0.010709411616246533,0.015051855588164052,17.891,-0.1360058424693836,-0.11659307085709245,60.7478814325452,60.92851905731743,12.216754316886064,11.817483570099421
age,4,15,2876,2576,0.005341248655148961,0.0061067963917669854,18.07,-0.1360058424693836,-0.12254007301270839,60.7478814325452,60.822283385093165,12.216754316886064,12.146193843422383
age,4,16,2876,1231,0.046449525772665506,0.08400637343817448,17.343500000000013,-0.1360058424693836,-0.37235804779991577,60.7478814325452,61.74232818846466,12.216754316886064,10.90060150564581
age,5,6,1909,1585,0.025203241477554688,0.03584963683593642,16.835499999999996,-0.256369879029101,-0.16440624363335965,60.10342954426401,60.524175394321766,12.074568095668946,11.31566177811944
age,5,7,1909,3150,0.014751677522068867,0.009546048916938247,18.293000000000006,-0.256369879029101,-0.13023023876754128,60.10342954426401,59.987805396825394,12.074568095668946,12.135027549917329
age,5,8,1909,2916,0.0109824453109943,0.011426730349811969,17.750000000000007,-0.256369879029101,-0.17298059250793074,60.10342954426401,60.24141392318244,12.074568095668946,12.076239749110998
age,5,9,1909,3123,0.019120560951866677,0.05322394918439503,17.417999999999992,-0.256369879029101,-0.1669316537612197,60.10342954426401,60.738540505923794,12.074568095668946,11.845330324763552
age,5,10,1909,1717,0.03522587028617165,0.10284444258482793,18.064249999999994,-0.256369879029101,-0.09843691636861651,60.10342954426401,58.86704135119394,12.074568095668946,11.963120152893982
age,5,11,1909,2491,0.038369504015708766,0.11454320892420128,18.2035,-0.256369879029101,-0.06732637580752293,60.10342954426401,61.498069450020076,12.074568095668946,12.252570093723213
age,5,12,1909,4352,0.028009770459716095,0.08232529908447661,18.000000000000007,-0.256369879029101,-0.10463432933376221,60.10342954426401,61.09587683823529,12.074568095668946,12.046685490434438
age,5,13,1909,2297,0.03648054891440404,0.0990607003944946,16.60925000000001,-0.256369879029101,-0.3435979239718021,60.10342954426401,61.263631258162825,12.074568095668946,11.40198710180082
age,5,14,1909,3437,0.02494858130262894,0.06927756676233524,17.590000000000003,-0.256369879029101,-0.11659307085709245,60.10342954426401,60.92851905731743,12.074568095668946,11.817483570099421
age,5,15,1909,2576,0.022150191405469366,0.05933212397211713,17.868000000000002,-0.256369879029101,-0.12254007301270839,60.10342954426401,60.822283385093165,12.074568095668946,12.146193843422383
age,5,16,1909,1231,0.05315123385012348,0.14093759962515953,16.862999999999992,-0.256369879029101,-0.37235804779991577,60.10342954426401,61.74232818846466,12.074568095668946,10.90060150564581
age,6,7,1585,3150,0.029662722885705414,0.04519803273705384,17.734,-0.16440624363335965,-0.13023023876754128,60.524175394321766,59.987805396825394,11.31566177811944,12.135027549917329
age,6,8,1585,2916,0.026475182475127316,0.02393435245758596,17.226000000000006,-0.16440624363335965,-0.17298059250793074,60.524175394321766,60.24141392318244,11.31566177811944,12.076239749110998
age,6,9,1585,3123,0.018304510942277637,0.018369324791852666,16.86875,-0.16440624363335965,-0.1669316537612197,60.524175394321766,60.738540505923794,11.31566177811944,11.845330324763552
age,6,10,1585,1717,0.04908303134834174,0.14215993355837261,16.980249999999998,-0.16440624363335965,-0.09843691636861651,60.524175394321766,58.86704135119394,11.31566177811944,11.963120152893982
age,6,11,1585,2491,0.03405226026328674,0.08186003702340466,17.556750000000008,-0.16440624363335965,-0.06732637580752293,60.524175394321766,61.498069450020076,11.31566177811944,12.252570093723213
age,6,12,1585,4352,0.025661574937782667,0.048220464669125794,17.601000000000006,-0.16440624363335965,-0.10463432933376221,60.524175394321766,61.09587683823529,11.31566177811944,12.046685490434438
age,6,13,1585,2297,0.029108379703306157,0.0650538664755814,15.844000000000008,-0.16440624363335965,-0.3435979239718021,60.524175394321766,61.263631258162825,11.31566177811944,11.40198710180082
age,6,14,1585,3437,0.021212716153506818,0.034673466953754596,17.131,-0.16440624363335965,-0.11659307085709245,60.524175394321766,60.92851905731743,11.31566177811944,11.817483570099421
age,6,15,1585,2576,0.02692602512797731,0.02518495390812828,17.399,-0.16440624363335965,-0.12254007301270839,60.524175394321766,60.822283385093165,11.31566177811944,12.146193843422383
age,6,16,1585,1231,0.04582424249908017,0.1093873244929555,15.877499999999998,-0.16440624363335965,-0.37235804779991577,60.524175394321766,61.74232818846466,11.31566177811944,10.90060150564581
age,7,8,3150,2916,0.011028807278547392,0.02094760400404472,18.348999999999997,-0.13023023876754128,-0.17298059250793074,59.987805396825394,60.24141392318244,12.135027549917329,12.076239749110998
age,7,9,3150,3123,0.021114044918639028,0.06260467844282286,18.078000000000003,-0.13023023876754128,-0.1669316537612197,59.987805396825394,60.738540505923794,12.135027549917329,11.845330324763552
age,7,10,3150,1717,0.030609118437785278,0.09281942597891059,18.457000000000008,-0.13023023876754128,-0.09843691636861651,59.987805396825394,58.86704135119394,12.135027549917329,11.963120152893982
age,7,11,3150,2491,0.04024002350667914,0.12392347091513163,18.76599999999999,-0.13023023876754128,-0.06732637580752293,59.987805396825394,61.498069450020076,12.135027549917329,12.252570093723213
age,7,12,3150,4352,0.03004283388710936,0.09169849742453672,18.4625,-0.13023023876754128,-0.10463432933376221,59.987805396825394,61.09587683823529,12.135027549917329,12.046685490434438
age,7,13,3150,2297,0.040319105105866976,0.10783329963542493,17.602000000000004,-0.13023023876754128,-0.3435979239718021,59.987805396825394,61.263631258162825,12.135027549917329,11.40198710180082
age,7,14,3150,3437,0.025796855011443586,0.07858673971082526,18.265,-0.13023023876754128,-0.11659307085709245,59.987805396825394,60.92851905731743,12.135027549917329,11.817483570099421
age,7,15,3150,2576,0.022681713949974813,0.06873759535166875,18.5,-0.13023023876754128,-0.12254007301270839,59.987805396825394,60.822283385093165,12.135027549917329,12.146193843422383
age,7,16,3150,1231,0.05628604100084824,0.14867146038328757,18.007999999999996,-0.13023023876754128,-0.37235804779991577,59.987805396825394,61.74232818846466,12.135027549917329,10.90060150564581
age,8,9,2916,3123,0.01667330544713856,0.04157486487253947,17.573999999999998,-0.17298059250793074,-0.1669316537612197,60.24141392318244,60.738540505923794,12.076239749110998,11.845330324763552
age,8,10,2916,1717,0.03785431715394257,0.11420321115954203,18.250000000000007,-0.17298059250793074,-0.09843691636861651,60.24141392318244,58.86704135119394,12.076239749110998,11.963120152893982
age,8,11,2916,2491,0.03479723422866646,0.10336216653149397,18.242500000000014,-0.17298059250793074,-0.06732637580752293,60.24141392318244,61.498069450020076,12.076239749110998,12.252570093723213
age,8,12,2916,4352,0.023819248678687895,0.0708595024329516,18.03300000000001,-0.17298059250793074,-0.10463432933376221,60.24141392318244,61.09587683823529,12.076239749110998,12.046685490434438
age,8,13,2916,2297,0.03374158726864619,0.0867468350265744,16.968000000000004,-0.17298059250793074,-0.3435979239718021,60.24141392318244,61.263631258162825,12.076239749110998,11.40198710180082
age,8,14,2916,3437,0.01978449390196838,0.05756122311538233,17.75,-0.17298059250793074,-0.11659307085709245,60.24141392318244,60.92851905731743,12.076239749110998,11.817483570099421
age,8,15,2916,2576,0.016951471709562634,0.04796966048310243,18.002000000000002,-0.17298059250793074,-0.12254007301270839,60.24141392318244,60.822283385093165,12.076239749110998,12.146193843422383
age,8,16,2916,1231,0.05041044416859329,0.127849803403736,17.286,-0.17298059250793074,-0.37235804779991577,60.24141392318244,61.74232818846466,12.076239749110998,10.90060150564581
age,9,10,3123,1717,0.05251514079948743,0.15743761213857255,17.840000000000003,-0.1669316537612197,-0.09843691636861651,60.738540505923794,58.86704135119394,11.845330324763552,11.963120152893982
age,9,11,3123,2491,0.02251319502860836,0.0631481999527325,17.98625,-0.1669316537612197,-0.06732637580752293,60.738540505923794,61.498069450020076,11.845330324763552,12.252570093723213
age,9,12,3123,4352,0.013033120732626288,0.029870183675622147,17.848000000000006,-0.1669316537612197,-0.10463432933376221,60.738540505923794,61.09587683823529,11.845330324763552,12.046685490434438
age,9,13,3123,2297,0.025401701770965734,0.04503539690936898,16.71699999999999,-0.1669316537612197,-0.3435979239718021,60.738540505923794,61.263631258162825,11.845330324763552,11.40198710180082
age,9,14,3123,3437,0.00877115287543324,0.016058033181040172,17.62175,-0.1669316537612197,-0.11659307085709245,60.738540505923794,60.92851905731743,11.845330324763552,11.817483570099421
age,9,15,3123,2576,0.011247831323426005,0.006988908728039172,17.8245,-0.1669316537612197,-0.12254007301270839,60.738540505923794,60.822283385093165,11.845330324763552,12.146193843422383
age,9,16,3123,1231,0.04167349557553974,0.0866369767977963,16.926000000000002,-0.1669316537612197,-0.37235804779991577,60.738540505923794,61.74232818846466,11.845330324763552,10.90060150564581
age,10,11,1717,2491,0.07047648395012669,0.21680762572577256,18.665999999999997,-0.09843691636861651,-0.06732637580752293,58.86704135119394,61.498069450020076,11.963120152893982,12.252570093723213
age,10,12,1717,4352,0.061155080673191094,0.18537930190765045,18.243000000000002,-0.09843691636861651,-0.10463432933376221,58.86704135119394,61.09587683823529,11.963120152893982,12.046685490434438
age,10,13,1717,2297,0.07086051508922266,0.20579884858844003,17.014999999999993,-0.09843691636861651,-0.3435979239718021,58.86704135119394,61.263631258162825,11.963120152893982,11.40198710180082
age,10,14,1717,3437,0.05733320783389733,0.17372701072395372,17.996250000000003,-0.09843691636861651,-0.11659307085709245,58.86704135119394,60.92851905731743,11.963120152893982,11.817483570099421
age,10,15,1717,2576,0.0536405901850166,0.16194741121218972,18.281000000000006,-0.09843691636861651,-0.12254007301270839,58.86704135119394,60.822283385093165,11.963120152893982,12.146193843422383
age,10,16,1717,1231,0.08522554621225925,0.2493438387971882,17.412,-0.09843691636861651,-0.37235804779991577,58.86704135119394,61.74232818846466,11.963120152893982,10.90060150564581
age,11,12,2491,4352,0.011346264493112759,0.033178655806067575,18.46499999999999,-0.06732637580752293,-0.10463432933376221,61.498069450020076,61.09587683823529,12.252570093723213,12.046685490434438
age,11,13,2491,2297,0.03342840881186311,0.019780244793539917,17.272999999999996,-0.06732637580752293,-0.3435979239718021,61.498069450020076,61.263631258162825,12.252570093723213,11.40198710180082
age,11,14,2491,3437,0.017062309368059976,0.04745375129220037,18.138999999999996,-0.06732637580752293,-0.11659307085709245,61.498069450020076,60.92851905731743,12.252570093723213,11.817483570099421
age,11,15,2491,2576,0.018326541876794847,0.05539863357114365,18.476999999999997,-0.06732637580752293,-0.12254007301270839,61.498069450020076,60.822283385093165,12.252570093723213,12.146193843422383
age,11,16,2491,1231,0.04049456838533562,0.020660202922043274,17.5875,-0.06732637580752293,-0.37235804779991577,61.498069450020076,61.74232818846466,12.252570093723213,10.90060150564581
age,12,13,4352,2297,0.02776728392934116,0.014182860762904382,17.406,-0.10463432933376221,-0.3435979239718021,61.09587683823529,61.263631258162825,12.046685490434438,11.40198710180082
age,12,14,4352,3437,0.008102326808290358,0.014009415934164389,18.000000000000007,-0.10463432933376221,-0.11659307085709245,61.09587683823529,60.92851905731743,12.046685490434438,11.817483570099421
age,12,15,4352,2576,0.008759867701729873,0.02264138521267746,18.201000000000008,-0.10463432933376221,-0.12254007301270839,61.09587683823529,60.822283385093165,12.046685490434438,12.146193843422383
age,12,16,4352,1231,0.03756879683353988,0.0547670109218447,17.823999999999998,-0.10463432933376221,-0.37235804779991577,61.09587683823529,61.74232818846466,12.046685490434438,10.90060150564581
age,13,14,2297,3437,0.02447958729003998,0.028758005510197505,17.019250000000007,-0.3435979239718021,-0.11659307085709245,61.263631258162825,60.92851905731743,11.40198710180082,11.817483570099421
age,13,15,2297,2576,0.03143222704675736,0.03739839316854499,17.086000000000006,-0.3435979239718021,-0.12254007301270839,61.263631258162825,60.822283385093165,11.40198710180082,12.146193843422383
age,13,16,2297,1231,0.019702661701147022,0.04262803122452804,15.774000000000001,-0.3435979239718021,-0.37235804779991577,61.263631258162825,61.74232818846466,11.40198710180082,10.90060150564581
age,14,15,3437,2576,0.010254202518842645,0.008883024600741673,17.991999999999997,-0.11659307085709245,-0.12254007301270839,60.92851905731743,60.822283385093165,11.817483570099421,12.146193843422383
age,14,16,3437,1231,0.037079188759622704,0.07025994561423077,17.260000000000005,-0.11659307085709245,-0.37235804779991577,60.92851905731743,61.74232818846466,11.817483570099421,10.90060150564581
age,15,16,2576,1231,0.04525268640288355,0.07824849561415466,17.410500000000006,-0.12254007301270839,-0.37235804779991577,60.822283385093165,61.74232818846466,12.146193843422383,10.90060150564581
