"set","n","rule","tau","viol_anchor","viol_pair","sensitivity","harm","pool_size","mc_se_viol","feasible"
"Set1_Gaussian",25,"ANCHOR_tau",3.995151,0.148458333333333,0.148458333333333,0.523777777777769,1.20867523521034,2.779,0.00229508947353931,FALSE
"Set1_Gaussian",25,"ANCHOR_tau",7.998579,0.633,0.633,0.71612301587304,6.96361216840004,6.37758333333333,0.00311120957185465,FALSE
"Set1_Gaussian",25,"ANCHOR_tau",9.2047,0.354458333333333,0.6365,0.728349567099566,8.08694766200411,7.72858333333333,0.00308772855607409,FALSE
"Set1_Gaussian",25,"ANCHOR_tau",11.9629256,0,0,0.845257575757497,9.27847618251147,10.2978333333333,0,TRUE
"Set1_Gaussian",25,"CLUST_tau",3.995151,0.067875,0.067875,0.402277777777776,0.553116519444345,2.2955,0.00162362742512714,FALSE
"Set1_Gaussian",25,"CLUST_tau",7.998579,0.165666666666667,0.165666666666667,0.532531746031667,2.20943077167489,3.85133333333333,0.0023998369929211,FALSE
"Set1_Gaussian",25,"CLUST_tau",9.2047,0.069625,0.0892083333333333,0.385998917748907,2.86665915183247,4.28491666666667,0.001642880592321,FALSE
"Set1_Gaussian",25,"CLUST_tau",11.9629256,0,0,0.457431818181875,5.4266142925032,6.03175,0,TRUE
"Set1_Gaussian",50,"ANCHOR_tau",3.995151,0.049875,0.049875,0.741472222222213,0.400568385423384,3.28583333333333,0.00140516138419222,TRUE
"Set1_Gaussian",50,"ANCHOR_tau",7.998579,0.606958333333333,0.606958333333333,0.764702380952396,6.87896425169173,6.59541666666667,0.00315277599195373,FALSE
"Set1_Gaussian",50,"ANCHOR_tau",9.2047,0.333541666666667,0.636375,0.800466450216425,8.25299998261914,8.26758333333333,0.00304337821660876,FALSE
"Set1_Gaussian",50,"ANCHOR_tau",11.9629256,0,0,0.908310606060548,9.43502254502787,10.9914166666667,0,TRUE
"Set1_Gaussian",50,"CLUST_tau",3.995151,0.0106666666666667,0.0106666666666667,0.657888888888897,0.0859681428526903,2.98691666666667,0.000663101578722071,TRUE
"Set1_Gaussian",50,"CLUST_tau",7.998579,0.0427083333333333,0.0427083333333333,0.599599206349046,0.699240808260134,3.97708333333333,0.00130518727259766,TRUE
"Set1_Gaussian",50,"CLUST_tau",9.2047,0.0225,0.0257916666666667,0.421449134199114,1.57174649584626,4.45258333333333,0.00095729109992729,TRUE
"Set1_Gaussian",50,"CLUST_tau",11.9629256,0,0,0.533787878788023,5.65521819334165,6.87166666666667,0,TRUE
"Set1_Gaussian",100,"ANCHOR_tau",3.995151,0.00508333333333333,0.00508333333333333,0.89983333333334,0.0406904838365456,3.705,0.000459052150975044,TRUE
"Set1_Gaussian",100,"ANCHOR_tau",7.998579,0.569833333333333,0.569833333333333,0.780809523809542,6.63262854461713,6.58325,0.00319585216566956,FALSE
"Set1_Gaussian",100,"ANCHOR_tau",9.2047,0.293166666666667,0.6105,0.863690476190429,8.38597387207811,8.69691666666667,0.00293839505670345,FALSE
"Set1_Gaussian",100,"ANCHOR_tau",11.9629256,0,0,0.947628787878753,9.52358784912184,11.4239166666667,0,TRUE
"Set1_Gaussian",100,"CLUST_tau",3.995151,0.000416666666666667,0.000416666666666667,0.840555555555552,0.00333619018361149,3.52216666666667,0.000131734115986766,TRUE
"Set1_Gaussian",100,"CLUST_tau",7.998579,0.011125,0.011125,0.619543650793457,0.155827130220806,4.04391666666667,0.000677041184585546,TRUE
"Set1_Gaussian",100,"CLUST_tau",9.2047,0.001875,0.001875,0.476770562770527,1.78433856026961,4.862,0.000279246335025189,TRUE
"Set1_Gaussian",100,"CLUST_tau",11.9629256,0,0,0.619212121212304,6.27344965899586,7.81133333333333,0,TRUE
"Set1_Gaussian",200,"ANCHOR_tau",3.995151,0,0,0.97736111111112,0,3.93208333333333,0,TRUE
"Set1_Gaussian",200,"ANCHOR_tau",7.998579,0.54125,0.54125,0.790178571428591,6.49484656385967,6.55783333333333,0.00321648383008009,FALSE
"Set1_Gaussian",200,"ANCHOR_tau",9.2047,0.208916666666667,0.537541666666667,0.924493506493469,8.35522668380284,9.03633333333333,0.00262417044872879,FALSE
"Set1_Gaussian",200,"ANCHOR_tau",11.9629256,0,0,0.972886363636353,9.57152946172207,11.70175,0,TRUE
"Set1_Gaussian",200,"CLUST_tau",3.995151,0,0,0.951611111111114,0,3.85483333333333,0,TRUE
"Set1_Gaussian",200,"CLUST_tau",7.998579,0.00966666666666667,0.00966666666666667,0.62267857142837,0.129669503433001,4.06408333333333,0.000631572845568316,TRUE
"Set1_Gaussian",200,"CLUST_tau",9.2047,0,0,0.568626623376579,3.28634826047953,5.64275,0,TRUE
"Set1_Gaussian",200,"CLUST_tau",11.9629256,0,0,0.720727272727425,7.14353164071561,8.928,0,TRUE
"Set1_Gaussian",400,"ANCHOR_tau",3.995151,0,0,0.997972222222223,0,3.99391666666667,0,TRUE
"Set1_Gaussian",400,"ANCHOR_tau",7.998579,0.533375,0.533375,0.802726190476208,6.52395096487745,6.60225,0.00322028796185864,FALSE
"Set1_Gaussian",400,"ANCHOR_tau",9.2047,0.1125,0.445333333333333,0.972337662337646,8.23359036630437,9.26116666666667,0.00203964610901009,FALSE
"Set1_Gaussian",400,"ANCHOR_tau",11.9629256,0,0,0.990795454545453,9.5964456225975,11.89875,0,TRUE
"Set1_Gaussian",400,"CLUST_tau",3.995151,0,0,0.994055555555557,0,3.98216666666667,0,TRUE
"Set1_Gaussian",400,"CLUST_tau",7.998579,0.00733333333333333,0.00733333333333333,0.627238095237893,0.173244606872235,4.08666666666667,0.000550740242596103,TRUE
"Set1_Gaussian",400,"CLUST_tau",9.2047,0,0,0.651999999999959,4.7107851154801,6.356,0,TRUE
"Set1_Gaussian",400,"CLUST_tau",11.9629256,0,0,0.862060606060689,8.38874869768445,10.4826666666667,0,TRUE
"Set2_LogNormal",25,"ANCHOR_tau",3.995902,0.099625,0.099625,0.0672499999999978,0.803630967337986,1.3205,0.00193325997750561,FALSE
"Set2_LogNormal",25,"ANCHOR_tau",10.9900545,0.349375,0.349375,0.637392857142915,8.26687970748359,5.53175,0.00307755388102711,FALSE
"Set2_LogNormal",25,"ANCHOR_tau",15.1983745,0.36925,0.662583333333333,0.743943722943703,12.4455755290411,7.91525,0.00311518082340335,FALSE
"Set2_LogNormal",25,"ANCHOR_tau",18.8697106,0,0,0.786696969696875,14.4262438869011,9.65366666666667,0,TRUE
"Set2_LogNormal",25,"CLUST_tau",3.995902,0.0778333333333333,0.0778333333333333,0.0538333333333325,0.628976520512802,1.24633333333333,0.00172934604156643,FALSE
"Set2_LogNormal",25,"CLUST_tau",10.9900545,0.0921666666666667,0.0921666666666667,0.402968253968248,4.40498964076166,3.5715,0.00186717224056216,FALSE
"Set2_LogNormal",25,"CLUST_tau",15.1983745,0.075375,0.127666666666667,0.454555194805189,6.31717602013989,4.91041666666667,0.00170408344591015,FALSE
"Set2_LogNormal",25,"CLUST_tau",18.8697106,0,0,0.463954545454593,8.08463176105246,6.1035,0,TRUE
"Set2_LogNormal",50,"ANCHOR_tau",3.995902,0.129875,0.129875,0.207916666666666,1.04068399786706,1.79741666666667,0.00216994128544799,FALSE
"Set2_LogNormal",50,"ANCHOR_tau",10.9900545,0.290625,0.290625,0.783416666666683,7.82396758623954,6.10066666666667,0.00293088517185935,FALSE
"Set2_LogNormal",50,"ANCHOR_tau",15.1983745,0.36875,0.677291666666667,0.824732683982633,12.7363828032745,8.57216666666667,0.00311430461406181,FALSE
"Set2_LogNormal",50,"ANCHOR_tau",18.8697106,0,0,0.855878787878705,14.8845315560117,10.4146666666667,0,TRUE
"Set2_LogNormal",50,"CLUST_tau",3.995902,0.0890416666666667,0.0890416666666667,0.151416666666675,0.713102712228678,1.56208333333333,0.00183840111990339,FALSE
"Set2_LogNormal",50,"CLUST_tau",10.9900545,0.0309166666666667,0.0309166666666667,0.53065079365078,3.1404628497843,4.06983333333333,0.00111730379315731,TRUE
"Set2_LogNormal",50,"CLUST_tau",15.1983745,0.0273333333333333,0.04575,0.55367099567098,5.18964257873799,5.62225,0.00105250142957587,TRUE
"Set2_LogNormal",50,"CLUST_tau",18.8697106,0,0,0.521780303030433,6.95914422983169,6.73958333333333,0,TRUE
"Set2_LogNormal",100,"ANCHOR_tau",3.995902,0.103166666666667,0.103166666666667,0.440611111111108,0.82448782475508,2.46266666666667,0.00196345046575703,FALSE
"Set2_LogNormal",100,"ANCHOR_tau",10.9900545,0.212958333333333,0.212958333333333,0.89471031746031,7.15967185316457,6.41941666666667,0.00264265555831332,FALSE
"Set2_LogNormal",100,"ANCHOR_tau",15.1983745,0.359791666666667,0.678458333333333,0.871668831168774,12.920206904391,8.93716666666667,0.00309799413104599,FALSE
"Set2_LogNormal",100,"ANCHOR_tau",18.8697106,0,0,0.909984848484791,15.2410424729447,11.0098333333333,0,TRUE
"Set2_LogNormal",100,"CLUST_tau",3.995902,0.04975,0.04975,0.331833333333324,0.397592270903702,2.05983333333333,0.00140349173937719,TRUE
"Set2_LogNormal",100,"CLUST_tau",10.9900545,0.00516666666666667,0.00516666666666667,0.648658730158641,2.1742277326552,4.49541666666667,0.000462780195405183,TRUE
"Set2_LogNormal",100,"CLUST_tau",15.1983745,0.00441666666666667,0.00783333333333333,0.643163419913382,4.99655854750237,6.29933333333333,0.000428036199901277,TRUE
"Set2_LogNormal",100,"CLUST_tau",18.8697106,0,0,0.56761363636382,6.71881964435339,7.24375,0,TRUE
"Set2_LogNormal",200,"ANCHOR_tau",3.995902,0.0445,0.0445,0.687749999999992,0.35563529759226,3.11966666666667,0.00133103578088645,TRUE
"Set2_LogNormal",200,"ANCHOR_tau",10.9900545,0.115666666666667,0.115666666666667,0.962178571428555,6.35551939031936,6.59091666666667,0.00206446006751653,FALSE
"Set2_LogNormal",200,"ANCHOR_tau",15.1983745,0.337541666666667,0.662416666666667,0.897860389610341,13.0645189779138,9.09208333333333,0.00305237127718322,FALSE
"Set2_LogNormal",200,"ANCHOR_tau",18.8697106,0,0,0.952212121212089,15.4848752095725,11.4743333333333,0,TRUE
"Set2_LogNormal",200,"CLUST_tau",3.995902,0.0120416666666667,0.0120416666666667,0.592777777777788,0.0962346451349835,2.79316666666667,0.00070405565980715,TRUE
"Set2_LogNormal",200,"CLUST_tau",10.9900545,0.000416666666666667,0.000416666666666667,0.786214285714223,2.62980425172775,5.21416666666667,0.000131734115986766,TRUE
"Set2_LogNormal",200,"CLUST_tau",15.1983745,0.000208333333333333,0.000375,0.686392857142824,5.31547601393567,6.65108333333333,9.31597934008093e-05,TRUE
"Set2_LogNormal",200,"CLUST_tau",18.8697106,0,0,0.634871212121394,7.879930742566,7.98358333333333,0,TRUE
"Set2_LogNormal",400,"ANCHOR_tau",3.995902,0.00658333333333333,0.00658333333333333,0.865027777777781,0.0526127125651469,3.6025,0.000522015048296644,TRUE
"Set2_LogNormal",400,"ANCHOR_tau",10.9900545,0.0367916666666667,0.0367916666666667,0.990222222222209,5.6561176170101,6.647,0.0012151481379266,TRUE
"Set2_LogNormal",400,"ANCHOR_tau",15.1983745,0.286583333333333,0.617291666666667,0.924970779220747,13.0706350605045,9.2035,0.00291871351789398,FALSE
"Set2_LogNormal",400,"ANCHOR_tau",18.8697106,0,0,0.982037878787871,15.5790224232678,11.8024166666667,0,TRUE
"Set2_LogNormal",400,"CLUST_tau",3.995902,0.000416666666666667,0.000416666666666667,0.801972222222222,0.00332991851678145,3.4065,0.000131734115986766,TRUE
"Set2_LogNormal",400,"CLUST_tau",10.9900545,0,0,0.910607142857149,4.08114813416656,6.04191666666667,0,TRUE
"Set2_LogNormal",400,"CLUST_tau",15.1983745,0.000333333333333333,5e-04,0.688467532467501,5.33300655748797,6.66933333333333,0.000117831486705631,TRUE
"Set2_LogNormal",400,"CLUST_tau",18.8697106,0,0,0.786424242424368,11.0760950116929,9.65066666666667,0,TRUE
"Set3_Mixture",25,"ANCHOR_tau",0.633921,0,0,0.000138888888888889,0,1.00041666666667,0,TRUE
"Set3_Mixture",25,"ANCHOR_tau",2.1432095,0.0385833333333333,0.0385833333333333,0.209412698412709,0.399440989732738,2.01666666666667,0.00124322597373095,TRUE
"Set3_Mixture",25,"ANCHOR_tau",3.227243,0.20075,0.325375,0.42421212121211,1.85504392304266,4.76741666666667,0.00258561273766329,FALSE
"Set3_Mixture",25,"ANCHOR_tau",3.95129535,0,0,0.563159090909081,2.77363657459153,7.19475,0,TRUE
"Set3_Mixture",25,"CLUST_tau",0.633921,0,0,0.000138888888888889,0,1.00041666666667,0,TRUE
"Set3_Mixture",25,"CLUST_tau",2.1432095,0.0147916666666667,0.0147916666666667,0.153888888888909,0.255674184834092,1.7045,0.00077923234831598,TRUE
"Set3_Mixture",25,"CLUST_tau",3.227243,0.031625,0.037625,0.226402597402599,0.768657400679612,2.8585,0.00112961754912522,TRUE
"Set3_Mixture",25,"CLUST_tau",3.95129535,0,0,0.246946969696919,1.18113385472962,3.71641666666667,0,TRUE
"Set3_Mixture",50,"ANCHOR_tau",0.633921,0,0,0.00119444444444444,0,1.00358333333333,0,TRUE
"Set3_Mixture",50,"ANCHOR_tau",2.1432095,0.02375,0.02375,0.452972222222205,0.630349769137417,3.35916666666667,0.00098289405795674,TRUE
"Set3_Mixture",50,"ANCHOR_tau",3.227243,0.235625,0.427416666666667,0.650982683982718,2.21981641622179,6.74808333333333,0.00273941796871008,FALSE
"Set3_Mixture",50,"ANCHOR_tau",3.95129535,0,0,0.775946969696896,3.07735979043164,9.53541666666667,0,TRUE
"Set3_Mixture",50,"CLUST_tau",0.633921,0,0,0.00119444444444444,0,1.00358333333333,0,TRUE
"Set3_Mixture",50,"CLUST_tau",2.1432095,0.00245833333333333,0.00245833333333333,0.300119047619064,0.365954532612175,2.43158333333333,0.000319654105411586,TRUE
"Set3_Mixture",50,"CLUST_tau",3.227243,0.00845833333333333,0.01075,0.373544372294358,0.74850980444635,4.0395,0.000591142605840431,TRUE
"Set3_Mixture",50,"CLUST_tau",3.95129535,0,0,0.382257575757575,1.09395107660739,5.20483333333333,0,TRUE
"Set3_Mixture",100,"ANCHOR_tau",0.633921,0.000333333333333333,0.000333333333333333,0.0155555555555554,0.000422614037651567,1.047,0.000117831486705631,TRUE
"Set3_Mixture",100,"ANCHOR_tau",2.1432095,0.009125,0.009125,0.71956746031749,0.782701655131871,4.93475,0.000613790625776956,TRUE
"Set3_Mixture",100,"ANCHOR_tau",3.227243,0.254416666666667,0.493416666666667,0.800141774891773,2.43355694207436,8.04941666666667,0.00281135218347631,FALSE
"Set3_Mixture",100,"ANCHOR_tau",3.95129535,0,0,0.907886363636303,3.22147849959482,10.98675,0,TRUE
"Set3_Mixture",100,"CLUST_tau",0.633921,0.000333333333333333,0.000333333333333333,0.0141388888888888,0.000422614037651567,1.04275,0.000117831486705631,TRUE
"Set3_Mixture",100,"CLUST_tau",2.1432095,0.000291666666666667,0.000291666666666667,0.478007936507906,0.458888381662982,3.39616666666667,0.000110223560174731,TRUE
"Set3_Mixture",100,"CLUST_tau",3.227243,0.000791666666666667,0.001,0.552541125541094,0.790325774178918,5.51783333333333,0.000181548883517585,TRUE
"Set3_Mixture",100,"CLUST_tau",3.95129535,0,0,0.517174242424389,1.11517129129446,6.68891666666667,0,TRUE
"Set3_Mixture",200,"ANCHOR_tau",0.633921,0.00229166666666667,0.00229166666666667,0.0893611111111084,0.00290547150885452,1.27041666666667,0.000308653995232766,TRUE
"Set3_Mixture",200,"ANCHOR_tau",2.1432095,0.00075,0.00075,0.907011904761884,0.831062887510004,6.07416666666667,0.000176710391601626,TRUE
"Set3_Mixture",200,"ANCHOR_tau",3.227243,0.248291666666667,0.52425,0.873846320346299,2.56811329946607,8.66558333333333,0.00278868931975336,FALSE
"Set3_Mixture",200,"ANCHOR_tau",3.95129535,0,0,0.970212121212099,3.28065868754186,11.6723333333333,0,TRUE
"Set3_Mixture",200,"CLUST_tau",0.633921,0.00220833333333333,0.00220833333333333,0.0764166666666634,0.00279981799944163,1.2315,0.000303002791325304,TRUE
"Set3_Mixture",200,"CLUST_tau",2.1432095,0,0,0.683829365079338,0.530380617252783,4.58758333333333,0,TRUE
"Set3_Mixture",200,"CLUST_tau",3.227243,0,0,0.673817099567062,0.833269025536437,6.54341666666667,0,TRUE
"Set3_Mixture",200,"CLUST_tau",3.95129535,0,0,0.681477272727441,1.69742766863124,8.49625,0,TRUE
"Set3_Mixture",400,"ANCHOR_tau",0.633921,0.004125,0.004125,0.29694444444443,0.00522984871593813,1.89508333333333,0.000413722147854088,TRUE
"Set3_Mixture",400,"ANCHOR_tau",2.1432095,0,0,0.986023809523796,0.844065886699475,6.57216666666667,0,TRUE
"Set3_Mixture",400,"ANCHOR_tau",3.227243,0.194416666666667,0.499291666666667,0.921951298701272,2.59384357853779,8.97541666666667,0.0025545614952219,FALSE
"Set3_Mixture",400,"ANCHOR_tau",3.95129535,0,0,0.993765151515151,3.29576984901763,11.9314166666667,0,TRUE
"Set3_Mixture",400,"CLUST_tau",0.633921,0.00229166666666667,0.00229166666666667,0.237944444444432,0.00290547150885452,1.71616666666667,0.000308653995232766,TRUE
"Set3_Mixture",400,"CLUST_tau",2.1432095,0,0,0.895488095238086,0.673276988733741,5.94475,0,TRUE
"Set3_Mixture",400,"CLUST_tau",3.227243,0,0,0.688311688311656,0.845228075303016,6.66666666666667,0,TRUE
"Set3_Mixture",400,"CLUST_tau",3.95129535,0,0,0.888484848484917,2.73293716673704,10.7733333333333,0,TRUE
"Set4_Extremes",25,"ANCHOR_tau",1.5082055,0.00141666666666667,0.00141666666666667,0.000305555555555555,0.00527922063942239,1.00233333333333,0.000242784173892354,TRUE
"Set4_Extremes",25,"ANCHOR_tau",3.0225535,0.042,0.042,0.0292817460317463,0.202273950710456,1.16808333333333,0.00129479728143057,TRUE
"Set4_Extremes",25,"ANCHOR_tau",4.514619,0.0697916666666667,0.0874583333333333,0.0996807359307308,0.986918254548358,1.87658333333333,0.00164469842639104,FALSE
"Set4_Extremes",25,"ANCHOR_tau",6.9006233,0,0,0.288446969696931,2.80854254870552,4.17291666666667,0,TRUE
"Set4_Extremes",25,"CLUST_tau",1.5082055,0.00141666666666667,0.00141666666666667,0.000305555555555555,0.00527922063942239,1.00233333333333,0.000242784173892354,TRUE
"Set4_Extremes",25,"CLUST_tau",3.0225535,0.0342083333333333,0.0342083333333333,0.0257738095238098,0.169003863426396,1.144,0.00117328107004618,TRUE
"Set4_Extremes",25,"CLUST_tau",4.514619,0.0424583333333333,0.047125,0.0653712121212056,0.652820344361421,1.56533333333333,0.00130153152196251,TRUE
"Set4_Extremes",25,"CLUST_tau",6.9006233,0,0,0.144992424242409,1.72692219776337,2.59491666666667,0,TRUE
"Set4_Extremes",50,"ANCHOR_tau",1.5082055,8.33333333333333e-05,8.33333333333333e-05,0.00108333333333333,0.000252391352182021,1.00333333333333,5.8923109815847e-05,TRUE
"Set4_Extremes",50,"ANCHOR_tau",3.0225535,0.0293333333333333,0.0293333333333333,0.0889841269841245,0.116447041228974,1.34541666666667,0.00108920630294282,TRUE
"Set4_Extremes",50,"ANCHOR_tau",4.514619,0.0471666666666667,0.07325,0.191939393939395,1.16539477209961,2.58516666666667,0.00136842324444081,TRUE
"Set4_Extremes",50,"ANCHOR_tau",6.9006233,0,0,0.449537878787894,3.38777314505643,5.94491666666667,0,TRUE
"Set4_Extremes",50,"CLUST_tau",1.5082055,8.33333333333333e-05,8.33333333333333e-05,0.00108333333333333,0.000252391352182021,1.00333333333333,5.8923109815847e-05,TRUE
"Set4_Extremes",50,"CLUST_tau",3.0225535,0.0184166666666667,0.0184166666666667,0.069563492063489,0.0769020666723967,1.27075,0.000867887594861693,TRUE
"Set4_Extremes",50,"CLUST_tau",4.514619,0.0179166666666667,0.0196666666666667,0.115678571428567,0.511258892361953,1.929,0.000856243241389925,TRUE
"Set4_Extremes",50,"CLUST_tau",6.9006233,0,0,0.220477272727235,1.79603360643719,3.42525,0,TRUE
"Set4_Extremes",100,"ANCHOR_tau",1.5082055,0,0,0.00925000000000006,0,1.02775,0,TRUE
"Set4_Extremes",100,"ANCHOR_tau",3.0225535,0.0452916666666667,0.0452916666666667,0.236825396825398,0.155487397663352,1.92741666666667,0.00134226691951251,TRUE
"Set4_Extremes",100,"ANCHOR_tau",4.514619,0.031625,0.0961666666666667,0.341217532467509,1.64491352913331,3.81166666666667,0.00112961754912522,TRUE
"Set4_Extremes",100,"ANCHOR_tau",6.9006233,0,0,0.633227272727245,3.88756857310589,7.9655,0,TRUE
"Set4_Extremes",100,"CLUST_tau",1.5082055,0,0,0.00880555555555561,0,1.02641666666667,0,TRUE
"Set4_Extremes",100,"CLUST_tau",3.0225535,0.0127916666666667,0.0127916666666667,0.178365079365094,0.0491626872041069,1.685,0.000725374613865012,TRUE
"Set4_Extremes",100,"CLUST_tau",4.514619,0.00458333333333333,0.00516666666666667,0.203050865800866,0.41860036784835,2.603,0.000436001069804158,TRUE
"Set4_Extremes",100,"CLUST_tau",6.9006233,0,0,0.319719696969645,1.88276904316742,4.51691666666667,0,TRUE
"Set4_Extremes",200,"ANCHOR_tau",1.5082055,0.000166666666666667,0.000166666666666667,0.0755833333333307,0.000503758970469787,1.22691666666667,8.33263885995129e-05,TRUE
"Set4_Extremes",200,"ANCHOR_tau",3.0225535,0.0592916666666667,0.0592916666666667,0.406873015872997,0.194407136556491,2.73033333333333,0.00152446937394835,FALSE
"Set4_Extremes",200,"ANCHOR_tau",4.514619,0.0165416666666667,0.157708333333333,0.517117965367984,2.20649338930651,5.2785,0.000823307352758665,TRUE
"Set4_Extremes",200,"ANCHOR_tau",6.9006233,0,0,0.773984848484784,4.21141366228869,9.51383333333333,0,TRUE
"Set4_Extremes",200,"CLUST_tau",1.5082055,0.000166666666666667,0.000166666666666667,0.0624166666666651,0.000503758970469787,1.18741666666667,8.33263885995129e-05,TRUE
"Set4_Extremes",200,"CLUST_tau",3.0225535,0.004625,0.004625,0.341575396825399,0.0181552857478503,2.362,0.000437969242403695,TRUE
"Set4_Extremes",200,"CLUST_tau",4.514619,0.000541666666666667,0.000541666666666667,0.288923160173173,0.285058352098627,3.30825,0.000150190609988453,TRUE
"Set4_Extremes",200,"CLUST_tau",6.9006233,0,0,0.448015151515224,2.08193538557611,5.92816666666667,0,TRUE
"Set4_Extremes",400,"ANCHOR_tau",1.5082055,0,0,0.279777777777771,0,1.83933333333333,0,TRUE
"Set4_Extremes",400,"ANCHOR_tau",3.0225535,0.0805833333333333,0.0805833333333333,0.532492063491964,0.261909538458453,3.51175,0.0017570057356459,FALSE
"Set4_Extremes",400,"ANCHOR_tau",4.514619,0.00495833333333333,0.254166666666667,0.704857142857168,2.66938380313339,6.83641666666667,0.000453401416328515,TRUE
"Set4_Extremes",400,"ANCHOR_tau",6.9006233,0,0,0.853303030302977,4.47555210056178,10.3863333333333,0,TRUE
"Set4_Extremes",400,"CLUST_tau",1.5082055,0,0,0.217499999999998,0,1.6525,0,TRUE
"Set4_Extremes",400,"CLUST_tau",3.0225535,0.00195833333333333,0.00195833333333333,0.486162698412632,0.00643393201285303,3.109,0.000285372436759469,TRUE
"Set4_Extremes",400,"CLUST_tau",4.514619,0.000416666666666667,0.000583333333333333,0.373245670995675,0.283940682037778,4.01308333333333,0.000131734115986766,TRUE
"Set4_Extremes",400,"CLUST_tau",6.9006233,0,0,0.517810606060777,2.14467646541413,6.69591666666667,0,TRUE
