"set","n","method","ari","mc_se","k_hat_mean","k_hat_mode","p_k_correct"
"Set1_Gaussian",25,"W1",0.644077672793008,0.00614500745421588,3.056,3,0.4225
"Set1_Gaussian",25,"SMD",0.362417685022523,0.00337319909959606,2.7185,2,0.1745
"Set1_Gaussian",25,"KS",0.446379700914168,0.00468880229100828,2.3745,2,0.15
"Set1_Gaussian",25,"RV1",0.367198676004285,0.00342129446416608,2.89,2,0.219
"Set1_Gaussian",25,"RV2",0.736094221189607,0.00518144399785914,3.4015,3,0.4645
"Set1_Gaussian",25,"RV3",0.47540094405819,0.00555378406546318,3.8385,4,0.195
"Set1_Gaussian",50,"W1",0.919898548636,0.00315869589747735,3.161,3,0.7735
"Set1_Gaussian",50,"SMD",0.463819879856694,0.00212974223319575,2.259,2,0.076
"Set1_Gaussian",50,"KS",0.601267037259336,0.00460827489943258,2.325,2,0.217
"Set1_Gaussian",50,"RV1",0.467491550332914,0.00223619629182827,2.405,2,0.124
"Set1_Gaussian",50,"RV2",0.928375233015397,0.00273550598727424,3.2555,3,0.735
"Set1_Gaussian",50,"RV3",0.660578930460658,0.00435472812959342,4.26,4,0.169
"Set1_Gaussian",100,"W1",0.990175384956606,0.000911958714075893,3.0525,3,0.9465
"Set1_Gaussian",100,"SMD",0.506038584846606,0.0011300529692902,2.0655,2,0.033
"Set1_Gaussian",100,"KS",0.722779808430024,0.00525165956193174,2.4525,2,0.414
"Set1_Gaussian",100,"RV1",0.51105331316181,0.00120885936681597,2.129,2,0.053
"Set1_Gaussian",100,"RV2",0.983964357656099,0.00108897268075039,3.0995,3,0.9015
"Set1_Gaussian",100,"RV3",0.751493701108474,0.00345582677330696,4.414,4,0.1645
"Set1_Gaussian",200,"W1",0.998544038051501,0.000342273042823293,3.009,3,0.991
"Set1_Gaussian",200,"SMD",0.519543550313543,0.000478348229695511,2.018,2,0.0135
"Set1_Gaussian",200,"KS",0.906232316677479,0.00422750761972855,2.812,3,0.8
"Set1_Gaussian",200,"RV1",0.520568922812032,0.000536925514544167,2.0305,2,0.019
"Set1_Gaussian",200,"RV2",0.994482860423158,0.000658600451703046,3.034,3,0.966
"Set1_Gaussian",200,"RV3",0.759842306917137,0.00336667960610807,4.527,4,0.1425
"Set1_Gaussian",400,"W1",1,0,3,3,1
"Set1_Gaussian",400,"SMD",0.520122938530726,0.000350825521003492,2.0105,2,0.0105
"Set1_Gaussian",400,"KS",0.996509644800365,0.000897144053702417,2.994,3,0.992
"Set1_Gaussian",400,"RV1",0.521652415550458,0.000115688446872352,2.003,2,0.002
"Set1_Gaussian",400,"RV2",0.998768656716418,0.000316736981832868,3.0075,3,0.9925
"Set1_Gaussian",400,"RV3",0.759135713952693,0.00331980584637278,4.579,4,0.1235
"Set2_LogNormal",25,"W1",0.295558017553684,0.00529208409840664,2.376,2,0.1925
"Set2_LogNormal",25,"SMD",0.144427447095226,0.00363784734981375,3.2225,2,0.2105
"Set2_LogNormal",25,"KS",0.378256154406187,0.00502754080919835,2.3745,2,0.2025
"Set2_LogNormal",25,"RV1",0.145685476565067,0.00366992940578556,3.156,2,0.2165
"Set2_LogNormal",25,"RV2",0.260410706113005,0.00543511891910487,3.0985,2,0.259
"Set2_LogNormal",25,"RV3",0.151587839457443,0.00418859228925357,2.656,2,0.129
"Set2_LogNormal",50,"W1",0.488254052100324,0.00479720890910915,2.3685,2,0.194
"Set2_LogNormal",50,"SMD",0.23046956999734,0.00386585287820723,3.0655,2,0.2255
"Set2_LogNormal",50,"KS",0.55010641203282,0.00480459416239274,2.3685,2,0.2635
"Set2_LogNormal",50,"RV1",0.234694290565718,0.00395956039167532,3.0935,2,0.2335
"Set2_LogNormal",50,"RV2",0.465981624364041,0.00631256719157178,3.404,3,0.315
"Set2_LogNormal",50,"RV3",0.271317396727951,0.00580106755146845,2.802,2,0.1575
"Set2_LogNormal",100,"W1",0.620982790012946,0.00438849445604648,2.332,2,0.23
"Set2_LogNormal",100,"SMD",0.350051430218063,0.00355273565745734,2.787,2,0.1855
"Set2_LogNormal",100,"KS",0.670145208914761,0.00488932982065718,2.3975,2,0.3625
"Set2_LogNormal",100,"RV1",0.35378081762437,0.00360611024158417,2.888,2,0.2145
"Set2_LogNormal",100,"RV2",0.716260317079233,0.00524500265398984,3.634,4,0.367
"Set2_LogNormal",100,"RV3",0.467642332970672,0.00700024941041082,3.04,2,0.179
"Set2_LogNormal",200,"W1",0.776789071713536,0.00527988485664094,2.563,3,0.525
"Set2_LogNormal",200,"SMD",0.443492928835575,0.00260515692176195,2.3525,2,0.1135
"Set2_LogNormal",200,"KS",0.778322664034424,0.00530878713294522,2.5485,3,0.5435
"Set2_LogNormal",200,"RV1",0.447149068057407,0.0027173828419497,2.453,2,0.135
"Set2_LogNormal",200,"RV2",0.890937974371218,0.00315740911250566,3.489,3,0.582
"Set2_LogNormal",200,"RV3",0.738354269832058,0.00559360886494344,3.3975,3,0.3445
"Set2_LogNormal",400,"W1",0.964806644037337,0.00276236790913821,2.9355,3,0.9215
"Set2_LogNormal",400,"SMD",0.500276441667078,0.00128534161842958,2.11,2,0.043
"Set2_LogNormal",400,"KS",0.932698590073816,0.00371320246173046,2.8605,3,0.8595
"Set2_LogNormal",400,"RV1",0.503470436098528,0.00139292447916773,2.1535,2,0.057
"Set2_LogNormal",400,"RV2",0.965624189356268,0.00159196568731098,3.213,3,0.8055
"Set2_LogNormal",400,"RV3",0.915152739786319,0.00258772980433797,3.437,3,0.5765
"Set3_Mixture",25,"W1",0.250012879740967,0.0047316616415958,2.9175,2,0.225
"Set3_Mixture",25,"SMD",-9.90703785006879e-05,0.00239242774503392,3.1585,2,0.226
"Set3_Mixture",25,"KS",0.255747355671593,0.00468408461196282,2.545,2,0.236
"Set3_Mixture",25,"RV1",0.00103988430508487,0.00240023935508378,3.15,2,0.2235
"Set3_Mixture",25,"RV2",0.022209387173973,0.00237634977631615,3.2685,2,0.2375
"Set3_Mixture",25,"RV3",0.0645816371391749,0.00274950832919185,3.149,2,0.169
"Set3_Mixture",50,"W1",0.451351668359577,0.00333711428793448,2.7805,2,0.3055
"Set3_Mixture",50,"SMD",-0.00442362563261982,0.00236101281926145,3.153,2,0.211
"Set3_Mixture",50,"KS",0.457867027498472,0.00345551589099178,2.2815,2,0.177
"Set3_Mixture",50,"RV1",-0.00473653219150002,0.00236491083504432,3.162,2,0.221
"Set3_Mixture",50,"RV2",0.0227867340989399,0.0024063783097399,3.201,2,0.221
"Set3_Mixture",50,"RV3",0.0975182568549423,0.00315016660400422,3.2165,2,0.1695
"Set3_Mixture",100,"W1",0.516351818705547,0.00154379932465106,2.2085,2,0.1325
"Set3_Mixture",100,"SMD",-0.0021870244583729,0.00233087471126954,3.151,2,0.209
"Set3_Mixture",100,"KS",0.52069543069602,0.000980734695746513,2.055,2,0.045
"Set3_Mixture",100,"RV1",-0.00145657006399369,0.00233644246112941,3.1535,2,0.215
"Set3_Mixture",100,"RV2",0.0166536714662473,0.00223441995225757,3.2315,2,0.228
"Set3_Mixture",100,"RV3",0.143069956915932,0.00344001928805428,3.261,2,0.1675
"Set3_Mixture",200,"W1",0.521751488245066,0.000945444487994977,2.037,2,0.032
"Set3_Mixture",200,"SMD",0.00463420767946226,0.00242579745047877,3.14,2,0.2275
"Set3_Mixture",200,"KS",0.524581084179527,0.000799748370107383,2.0105,2,0.0105
"Set3_Mixture",200,"RV1",0.00391815271561435,0.00241926462127286,3.1355,2,0.227
"Set3_Mixture",200,"RV2",0.0233779863648055,0.00237978587633878,3.217,2,0.2265
"Set3_Mixture",200,"RV3",0.2043502906461,0.00401739104458793,3.417,2,0.1745
"Set3_Mixture",400,"W1",0.524164974307476,0.0008450886340034,2.011,2,0.009
"Set3_Mixture",400,"SMD",0.00501230420982426,0.00251689755767748,3.152,2,0.2235
"Set3_Mixture",400,"KS",0.522248160902475,0.000362996202140914,2.002,2,0.002
"Set3_Mixture",400,"RV1",0.00471885874415678,0.00250725857139381,3.154,2,0.2285
"Set3_Mixture",400,"RV2",0.0258809323520816,0.00246758214855854,3.1645,2,0.2545
"Set3_Mixture",400,"RV3",0.268064339243083,0.00397215173480133,3.558,2,0.2105
"Set4_Extremes",25,"W1",0.0865174827506314,0.00308603651510205,2.3355,2,0.142
"Set4_Extremes",25,"SMD",0.0152543672059565,0.00258535372363253,3.298,2,0.2485
"Set4_Extremes",25,"KS",-0.000461394933439933,0.00175821321299926,2.2285,2,0.0845
"Set4_Extremes",25,"RV1",0.0200014795595834,0.00243974299727089,3.046,2,0.212
"Set4_Extremes",25,"RV2",0.132060698591362,0.00336497325660641,3.052,2,0.2565
"Set4_Extremes",25,"RV3",0.141389448250176,0.00360065905317567,3.1965,2,0.216
"Set4_Extremes",50,"W1",0.175336600040683,0.00446963792754342,2.4675,2,0.148
"Set4_Extremes",50,"SMD",0.0161756318928395,0.00256980807763476,3.276,2,0.243
"Set4_Extremes",50,"KS",0.00533178512244874,0.00199153793472944,2.199,2,0.0775
"Set4_Extremes",50,"RV1",0.018200517445291,0.00244286049437717,3.1265,2,0.2035
"Set4_Extremes",50,"RV2",0.203392529286082,0.00386423366444041,3.1595,2,0.286
"Set4_Extremes",50,"RV3",0.152410104960942,0.00386229394543011,2.988,2,0.198
"Set4_Extremes",100,"W1",0.33274635875896,0.00598314068411034,2.6755,2,0.16
"Set4_Extremes",100,"SMD",0.0147897539866025,0.00250529980775562,3.291,2,0.2175
"Set4_Extremes",100,"KS",0.00300571791376167,0.00186704607473401,2.1445,2,0.0715
"Set4_Extremes",100,"RV1",0.0216883930698964,0.00242597374254607,3.105,2,0.1905
"Set4_Extremes",100,"RV2",0.267580781831311,0.00444262655810565,3.295,2,0.2875
"Set4_Extremes",100,"RV3",0.176982575008854,0.00415057572599,2.9665,2,0.2085
"Set4_Extremes",200,"W1",0.566439654036278,0.00595242705374257,2.87,2,0.1735
"Set4_Extremes",200,"SMD",0.016598748730308,0.00257000228279042,3.2405,2,0.215
"Set4_Extremes",200,"KS",0.00772477667889117,0.00193712464831634,2.1475,2,0.0645
"Set4_Extremes",200,"RV1",0.0211359005036022,0.00251370843095245,3.0615,2,0.2145
"Set4_Extremes",200,"RV2",0.327397619518255,0.00452135463319671,3.4685,2,0.2935
"Set4_Extremes",200,"RV3",0.194224059432472,0.00434002280623836,2.9345,2,0.2145
"Set4_Extremes",400,"W1",0.817113515268386,0.00486936990490068,3.017,3,0.4825
"Set4_Extremes",400,"SMD",0.0175309948466738,0.00258551753009875,3.2315,2,0.2445
"Set4_Extremes",400,"KS",0.0925655235091854,0.00410939188820389,2.4755,2,0.0635
"Set4_Extremes",400,"RV1",0.0242013827809812,0.00254177248884406,3.101,2,0.214
"Set4_Extremes",400,"RV2",0.40123760068896,0.00470796416538924,3.7415,3,0.265
"Set4_Extremes",400,"RV3",0.205951364228739,0.00454508420909706,2.92,2,0.2025
