"partner","w1_age","w1_sbp","lstar_age","lstar_age_lower","lstar_age_upper","lstar_sbp","lstar_sbp_lower","lstar_sbp_upper"
"R1",0.646356228511672,3.61076629476657,0.0154713446840706,0.009665250840731,0.0196224654221232,0.0027694952216913,0.00202885248998148,0.00372929894481582
"R2",2.14817788734986,0.952507611495868,0.00465510796796102,0.00362586658076417,0.00638911072579315,0.0104986037689457,0.00548867060154682,0.0131327418220724
"R3",2.60694338049964,3.35280970625798,0.00383590992992085,0.00304666393432448,0.00509408471224832,0.00298257308827731,0.00215002880892157,0.00430923786515754
"R4",0.555527241195762,2.60054354565765,0.018000917432015,0.00863044171933263,0.0267085949609687,0.00384534995258889,0.00266460714761457,0.00550291211724251
"R5",0.389876808540298,3.37205702394477,0.0256491275729892,0.0108413915902192,0.0281804248964747,0.00296554890056444,0.00217953426667955,0.00431164629927025
"R6",0.912122986633087,3.36945147624549,0.0109634338203809,0.00718182357113967,0.015815453795939,0.00296784211629093,0.00209485172667843,0.00486519176328401
"R7",0.404735169508132,5.07155986674505,0.0247075143288211,0.0105816132954877,0.0330152896873218,0.00197177993807614,0.0016082422684139,0.00248053532606407
"R9",0.586033339856026,6.80376477982946,0.0170638755850593,0.00889185554949954,0.0247316916525529,0.00146977450332295,0.00124885777827826,0.00175072636790096
"R10",1.3816825761189,3.99841754327938,0.00723755236755584,0.00468758586539243,0.012585782750015,0.00250098942688169,0.00185550735640996,0.00347334634372478
"R11",1.2695770908329,6.44427194415671,0.00787663866354074,0.00524269245826229,0.01317947646799,0.00155176567448669,0.00129739359597637,0.0019053873108475
"R12",0.859065022845558,6.40365749566288,0.0116405623952377,0.00701085327251284,0.0210535316936201,0.00156160756673399,0.00134025931548635,0.00185692081079592
"R13",1.14505450554878,2.39993195036408,0.00873320872634564,0.0057627524836474,0.0131606000358156,0.00416678481174558,0.00268669692376142,0.00705611167009604
"R14",0.702349533519877,4.36305218407127,0.0142379250255699,0.0077281993452182,0.0237997234802213,0.00229197350343602,0.00183747573969483,0.00292908069530162
"R15",0.610320787431093,4.72425267745316,0.0163848261536218,0.00801502128076445,0.0249476538916765,0.00211673690692408,0.00168418582630424,0.00277663431053272
"R16",1.74278987579661,4.28226212643428,0.00573792637820386,0.00404790872630736,0.00860685256944079,0.0023352143574468,0.00175234197817799,0.00326644826561605
