"cell","true_W1","miss_below","miss_above","q95_est"
"S1-50",0,1,0,4.20853116963865
"S1-100",0,1,0,2.97353323594137
"S1-200",0,1,0,2.1091389332193
"S2-50",2,0.2972,0,5.4511829550971
"S2-100",2,0.0958,0,4.39398971906209
"S2-200",2,0.0528,0,3.68820409009754
"S3-50",5,0.0388,0.0102,8.3314900665101
"S3-100",5,0.0309,0.0185,7.31180474669587
"S3-200",5,0.0282,0.0236,6.65013260052219
"S4-50",10,0.0304,0.0271,13.3158485697383
"S4-100",10,0.0261,0.029,12.307696936808
"S4-200",10,0.0283,0.024,11.6777481349195
"S5-50",3.98942280401433,0.1377,0,7.31332182281881
"S5-100",3.98942280401433,0.083,1e-04,6.14209240485167
"S5-200",3.98942280401433,0.0519,0.0023,5.38903777809621
"S6-50",12.1532169638188,0.0346,0.0202,16.9711854474194
"S6-100",12.1532169638188,0.0316,0.0263,15.487153886718
"S6-200",12.1532169638188,0.0281,0.0254,14.4604784548376
"S7-50",5.84540861746469,0.0697,0.001,9.78193852145666
"S7-100",5.84540861746469,0.0565,0.0076,8.56877392521919
"S7-200",5.84540861746469,0.0442,0.0113,7.71397354328073
